Original_ID	ORF	GENENAME	COMMON	ENTREZID	Final_ID	Conversion_Method	Status
PTP1	YDL230W	PTP1	PTP1	851368	PTP1	GENENAME_found	SUCCESS
SAY1	YGR263C	SAY1	SAY1	853179	SAY1	GENENAME_found	SUCCESS
CCT5	YJR064W	CCT5	CCT5	853527	CCT5	GENENAME_found	SUCCESS
IMD3	YLR432W	IMD3	IMD3	851152	IMD3	GENENAME_found	SUCCESS
LYS1	YIR034C	LYS1	LYS1	854852	LYS1	GENENAME_found	SUCCESS
PIH1	YHR034C	PIH1	PIH1	856429	PIH1	GENENAME_found	SUCCESS
PAB1	YER165W	PAB1	PAB1	856912	PAB1	GENENAME_found	SUCCESS
COX12	YLR038C	COX12	COX12	850727	COX12	GENENAME_found	SUCCESS
SEY1	YOR165W	SEY1	SEY1	854336	SEY1	GENENAME_found	SUCCESS
THO1	YER063W	THO1	THO1	856792	THO1	GENENAME_found	SUCCESS
UBP14	YBR058C	UBP14	UBP14	852349	UBP14	GENENAME_found	SUCCESS
RDI1	YDL135C	RDI1	RDI1	851420	RDI1	GENENAME_found	SUCCESS
VPH1	YOR270C	VPH1	VPH1	854444	VPH1	GENENAME_found	SUCCESS
DED1	YOR204W	DED1	DED1	854379	DED1	GENENAME_found	SUCCESS
USE1	YGL098W	USE1	USE1	852780	USE1	GENENAME_found	SUCCESS
APD1	YBR151W	APD1	APD1	852448	APD1	GENENAME_found	SUCCESS
VMA1	YDL185W	VMA1	VMA1	851342	VMA1	GENENAME_found	SUCCESS
YVH1	YIR026C	YVH1	YVH1	854844	YVH1	GENENAME_found	SUCCESS
SAM1	YLR180W	SAM1	SAM1	850877	SAM1	GENENAME_found	SUCCESS
RPS29A	YLR388W	RPS29A	RPS29A	851104	RPS29A	GENENAME_found	SUCCESS
FOL3	YMR113W	FOL3	FOL3	855140	FOL3	GENENAME_found	SUCCESS
YNL108C	YNL108C	NA	NA	855615	YNL108C	ORF_unchanged	SUCCESS
ARX1	YDR101C	ARX1	ARX1	851678	ARX1	GENENAME_found	SUCCESS
ABP1	YCR088W	ABP1	ABP1	850450	ABP1	GENENAME_found	SUCCESS
RRP8	YDR083W	RRP8	RRP8	851656	RRP8	GENENAME_found	SUCCESS
TVP18	YMR071C	TVP18	TVP18	855093	TVP18	GENENAME_found	SUCCESS
RPS14B	YJL191W	RPS14B	RPS14B	853248	RPS14B	GENENAME_found	SUCCESS
SPE3	YPR069C	SPE3	SPE3	856182	SPE3	GENENAME_found	SUCCESS
RFA3	YJL173C	RFA3	RFA3	853266	RFA3	GENENAME_found	SUCCESS
SPC25	YER018C	SPC25	SPC25	856738	SPC25	GENENAME_found	SUCCESS
GCN20	YFR009W	GCN20	GCN20	850561	GCN20	GENENAME_found	SUCCESS
EDE1	YBL047C	EDE1	EDE1	852233	EDE1	GENENAME_found	SUCCESS
DNM1	YLL001W	DNM1	DNM1	850686	DNM1	GENENAME_found	SUCCESS
ASC1	YMR116C	ASC1	ASC1	855143	ASC1	GENENAME_found	SUCCESS
KAP120	YPL125W	KAP120	KAP120	855978	KAP120	GENENAME_found	SUCCESS
SKT5	YBL061C	SKT5	SKT5	852218	SKT5	GENENAME_found	SUCCESS
IKI1	YHR187W	IKI1	IKI1	856594	IKI1	GENENAME_found	SUCCESS
PAA1	YDR071C	PAA1	PAA1	851643	PAA1	GENENAME_found	SUCCESS
FSF1	YOR271C	FSF1	FSF1	854445	FSF1	GENENAME_found	SUCCESS
YDR341C	YDR341C	NA	NA	851942	YDR341C	ORF_unchanged	SUCCESS
RPN3	YER021W	RPN3	RPN3	856742	RPN3	GENENAME_found	SUCCESS
EFB1	YAL003W	EFB1	EFB1	851260	EFB1	GENENAME_found	SUCCESS
VMA5	YKL080W	VMA5	VMA5	853782	VMA5	GENENAME_found	SUCCESS
PAR32	YDL173W	PAR32	PAR32	851381	PAR32	GENENAME_found	SUCCESS
URA2	YJL130C	URA2	URA2	853311	URA2	GENENAME_found	SUCCESS
RTR1	YER139C	RTR1	RTR1	856882	RTR1	GENENAME_found	SUCCESS
RPT5	YOR117W	RPT5	RPT5	854284	RPT5	GENENAME_found	SUCCESS
RNA1	YMR235C	RNA1	RNA1	855275	RNA1	GENENAME_found	SUCCESS
MET14	YKL001C	MET14	MET14	853869	MET14	GENENAME_found	SUCCESS
NUP188	YML103C	NUP188	NUP188	854868	NUP188	GENENAME_found	SUCCESS
RFA2	YNL312W	RFA2	RFA2	855404	RFA2	GENENAME_found	SUCCESS
CDC27	YBL084C	CDC27	CDC27	852194	CDC27	GENENAME_found	SUCCESS
NOP58	YOR310C	NOP58	NOP58	854487	NOP58	GENENAME_found	SUCCESS
DHH1	YDL160C	DHH1	DHH1	851394	DHH1	GENENAME_found	SUCCESS
FBA1	YKL060C	FBA1	FBA1	853805	FBA1	GENENAME_found	SUCCESS
YMR124W	YMR124W	EPO1	EPO1	855154	EPO1	ORF_to_GENENAME	SUCCESS
KIN1	YDR122W	KIN1	KIN1	851700	KIN1	GENENAME_found	SUCCESS
VPS1	YKR001C	VPS1	VPS1	853870	VPS1	GENENAME_found	SUCCESS
COG1	YGL223C	COG1	COG1	852649	COG1	GENENAME_found	SUCCESS
SEC23	YPR181C	SEC23	SEC23	856311	SEC23	GENENAME_found	SUCCESS
ARO7	YPR060C	ARO7	ARO7	856173	ARO7	GENENAME_found	SUCCESS
TOM6	YOR045W	TOM6	TOM6	854210	TOM6	GENENAME_found	SUCCESS
PRE1	YER012W	PRE1	PRE1	856731	PRE1	GENENAME_found	SUCCESS
USO1	YDL058W	USO1	USO1	851501	USO1	GENENAME_found	SUCCESS
RPA190	YOR341W	RPA190	RPA190	854519	RPA190	GENENAME_found	SUCCESS
GET3	YDL100C	GET3	GET3	851458	GET3	GENENAME_found	SUCCESS
HIS1	YER055C	HIS1	HIS1	856782	HIS1	GENENAME_found	SUCCESS
RPS28A	YOR167C	RPS28A	RPS28A	854338	RPS28A	GENENAME_found	SUCCESS
YMR074C	YMR074C	SDD2	SDD2	855096	SDD2	ORF_to_GENENAME	SUCCESS
ARP2	YDL029W	ARP2	ARP2	851532	ARP2	GENENAME_found	SUCCESS
CDC10	YCR002C	CDC10	CDC10	850358	CDC10	GENENAME_found	SUCCESS
KAP123	YER110C	KAP123	KAP123	856846	KAP123	GENENAME_found	SUCCESS
ACT1	YFL039C	ACT1	ACT1	850504	ACT1	GENENAME_found	SUCCESS
GLC7	YER133W	GLC7	GLC7	856870	GLC7	GENENAME_found	SUCCESS
MTR4	YJL050W	MTR4	MTR4	853397	MTR4	GENENAME_found	SUCCESS
PAC10	YGR078C	PAC10	PAC10	852969	PAC10	GENENAME_found	SUCCESS
COY1	YKL179C	COY1	COY1	853675	COY1	GENENAME_found	SUCCESS
SSM4	YIL030C	SSM4	SSM4	854781	SSM4	GENENAME_found	SUCCESS
TAE1	YBR261C	TAE1	TAE1	852564	TAE1	GENENAME_found	SUCCESS
RNR4	YGR180C	RNR4	RNR4	853091	RNR4	GENENAME_found	SUCCESS
RPT3	YDR394W	RPT3	RPT3	852003	RPT3	GENENAME_found	SUCCESS
DAD3	YBR233W-A	DAD3	DAD3	852535	DAD3	GENENAME_found	SUCCESS
YJR085C	YJR085C	NA	NA	853547	YJR085C	ORF_unchanged	SUCCESS
MAK3	YPR051W	MAK3	MAK3	856163	MAK3	GENENAME_found	SUCCESS
GIM3	YNL153C	GIM3	GIM3	855569	GIM3	GENENAME_found	SUCCESS
RPS21A	YKR057W	RPS21A	RPS21A	853931	RPS21A	GENENAME_found	SUCCESS
CAR1	YPL111W	CAR1	CAR1	855993	CAR1	GENENAME_found	SUCCESS
LSM3	YLR438C-A	LSM3	LSM3	851159	LSM3	GENENAME_found	SUCCESS
RPB11	YOL005C	RPB11	RPB11	854157	RPB11	GENENAME_found	SUCCESS
HSP104	YLL026W	HSP104	HSP104	850633	HSP104	GENENAME_found	SUCCESS
UBA4	YHR111W	UBA4	UBA4	856511	UBA4	GENENAME_found	SUCCESS
CCT7	YJL111W	CCT7	CCT7	853333	CCT7	GENENAME_found	SUCCESS
TFS1	YLR178C	TFS1	TFS1	850875	TFS1	GENENAME_found	SUCCESS
YIP3	YNL044W	YIP3	YIP3	855683	YIP3	GENENAME_found	SUCCESS
YPT1	YFL038C	YPT1	YPT1	850505	YPT1	GENENAME_found	SUCCESS
ELO2	YCR034W	ELO2	ELO2	850400	ELO2	GENENAME_found	SUCCESS
HXT3	YDR345C	HXT3	HXT3	851946	HXT3	GENENAME_found	SUCCESS
YGL242C	YGL242C	NA	NA	852609	YGL242C	ORF_unchanged	SUCCESS
RPB4	YJL140W	RPB4	RPB4	853301	RPB4	GENENAME_found	SUCCESS
CCT3	YJL014W	CCT3	CCT3	853438	CCT3	GENENAME_found	SUCCESS
NRD1	YNL251C	NRD1	NRD1	855470	NRD1	GENENAME_found	SUCCESS
GLE2	YER107C	GLE2	GLE2	856844	GLE2	GENENAME_found	SUCCESS
YER034W	YER034W	NA	NA	856756	YER034W	ORF_unchanged	SUCCESS
TFB4	YPR056W	TFB4	TFB4	856169	TFB4	GENENAME_found	SUCCESS
POL31	YJR006W	POL31	POL31	853462	POL31	GENENAME_found	SUCCESS
TIM9	YEL020W-A	TIM9	TIM9	856693	TIM9	GENENAME_found	SUCCESS
FAS1	YKL182W	FAS1	FAS1	853653	FAS1	GENENAME_found	SUCCESS
MRC1	YCL061C	MRC1	MRC1	850297	MRC1	GENENAME_found	SUCCESS
TAT1	YBR069C	TAT1	TAT1	852361	TAT1	GENENAME_found	SUCCESS
SPC110	YDR356W	SPC110	SPC110	851957	SPC110	GENENAME_found	SUCCESS
RPC82	YPR190C	RPC82	RPC82	856320	RPC82	GENENAME_found	SUCCESS
PRR1	YKL116C	PRR1	PRR1	853744	PRR1	GENENAME_found	SUCCESS
SYF2	YGR129W	SYF2	SYF2	853030	SYF2	GENENAME_found	SUCCESS
MLC2	YPR188C	MLC2	MLC2	856318	MLC2	GENENAME_found	SUCCESS
MIT1	YEL007W	MIT1	MIT1	856711	MIT1	GENENAME_found	SUCCESS
KAP114	YGL241W	KAP114	KAP114	852610	KAP114	GENENAME_found	SUCCESS
YPK9	YOR291W	YPK9	YPK9	854466	YPK9	GENENAME_found	SUCCESS
BUD27	YFL023W	BUD27	BUD27	850521	BUD27	GENENAME_found	SUCCESS
RBA50	YDR527W	RBA50	RBA50	852139	RBA50	GENENAME_found	SUCCESS
ERG3	YLR056W	ERG3	ERG3	850745	ERG3	GENENAME_found	SUCCESS
SUP45	YBR143C	SUP45	SUP45	852440	SUP45	GENENAME_found	SUCCESS
SRP1	YNL189W	SRP1	SRP1	855532	SRP1	GENENAME_found	SUCCESS
RTT102	YGR275W	RTT102	RTT102	853192	RTT102	GENENAME_found	SUCCESS
SEC15	YGL233W	SEC15	SEC15	852618	SEC15	GENENAME_found	SUCCESS
FCF2	YLR051C	FCF2	FCF2	850740	FCF2	GENENAME_found	SUCCESS
SEC5	YDR166C	SEC5	SEC5	851744	SEC5	GENENAME_found	SUCCESS
TFA1	YKL028W	TFA1	TFA1	853840	TFA1	GENENAME_found	SUCCESS
DAD2	YKR083C	DAD2	DAD2	853958	DAD2	GENENAME_found	SUCCESS
PGD1	YGL025C	PGD1	PGD1	852860	PGD1	GENENAME_found	SUCCESS
RRT2	YBR246W	RRT2	RRT2	852548	RRT2	GENENAME_found	SUCCESS
TBF1	YPL128C	TBF1	TBF1	855975	TBF1	GENENAME_found	SUCCESS
MSN5	YDR335W	MSN5	MSN5	851935	MSN5	GENENAME_found	SUCCESS
NOP8	YOL144W	NOP8	NOP8	854021	NOP8	GENENAME_found	SUCCESS
HDA1	YNL021W	HDA1	HDA1	855710	HDA1	GENENAME_found	SUCCESS
YCH1	YGR203W	YCH1	YCH1	853117	YCH1	GENENAME_found	SUCCESS
RNQ1	YCL028W	RNQ1	RNQ1	850329	RNQ1	GENENAME_found	SUCCESS
KCS1	YDR017C	KCS1	KCS1	851580	KCS1	GENENAME_found	SUCCESS
VHS2	YIL135C	VHS2	VHS2	854671	VHS2	GENENAME_found	SUCCESS
ARG82	YDR173C	ARG82	ARG82	851753	ARG82	GENENAME_found	SUCCESS
YPR114W	YPR114W	NA	NA	856230	YPR114W	ORF_unchanged	SUCCESS
YGL082W	YGL082W	NA	NA	852798	YGL082W	ORF_unchanged	SUCCESS
VPS5	YOR069W	VPS5	VPS5	854235	VPS5	GENENAME_found	SUCCESS
SEC28	YIL076W	SEC28	SEC28	854734	SEC28	GENENAME_found	SUCCESS
GIR2	YDR152W	GIR2	GIR2	851730	GIR2	GENENAME_found	SUCCESS
SEC8	YPR055W	SEC8	SEC8	856168	SEC8	GENENAME_found	SUCCESS
SPC29	YPL124W	SPC29	SPC29	855979	SPC29	GENENAME_found	SUCCESS
AVT7	YIL088C	AVT7	AVT7	854721	AVT7	GENENAME_found	SUCCESS
NAS2	YIL007C	NAS2	NAS2	854810	NAS2	GENENAME_found	SUCCESS
SPT16	YGL207W	SPT16	SPT16	852665	SPT16	GENENAME_found	SUCCESS
APE1	YKL103C	APE1	APE1	853758	APE1	GENENAME_found	SUCCESS
RGD1	YBR260C	RGD1	RGD1	852563	RGD1	GENENAME_found	SUCCESS
NOP4	YPL043W	NOP4	NOP4	856063	NOP4	GENENAME_found	SUCCESS
TPK2	YPL203W	TPK2	TPK2	855898	TPK2	GENENAME_found	SUCCESS
COG8	YML071C	COG8	COG8	854904	COG8	GENENAME_found	SUCCESS
NUP84	YDL116W	NUP84	NUP84	851441	NUP84	GENENAME_found	SUCCESS
CMC1	YKL137W	CMC1	CMC1	853721	CMC1	GENENAME_found	SUCCESS
SWH1	YAR042W	SWH1	SWH1	851286	SWH1	GENENAME_found	SUCCESS
CBP4	YGR174C	CBP4	CBP4	853085	CBP4	GENENAME_found	SUCCESS
DSL1	YNL258C	DSL1	DSL1	855463	DSL1	GENENAME_found	SUCCESS
TY1B-LR3	NA	NA	NA	NA	TY1B-LR3	TRANSPOSON	SUCCESS
TY1B-PR1	NA	NA	NA	NA	TY1B-PR1	TRANSPOSON	SUCCESS
OSH3	YHR073W	OSH3	OSH3	856472	OSH3	GENENAME_found	SUCCESS
EMW1	YNL313C	EMW1	EMW1	855403	EMW1	GENENAME_found	SUCCESS
RRP1	YDR087C	RRP1	RRP1	851660	RRP1	GENENAME_found	SUCCESS
DPH2	YKL191W	DPH2	DPH2	853643	DPH2	GENENAME_found	SUCCESS
VPS36	YLR417W	VPS36	VPS36	851135	VPS36	GENENAME_found	SUCCESS
OPI10	YOL032W	OPI10	OPI10	854125	OPI10	GENENAME_found	SUCCESS
CUB1	YPL260W	CUB1	CUB1	855867	CUB1	GENENAME_found	SUCCESS
YDR239C	YDR239C	NA	NA	851825	YDR239C	ORF_unchanged	SUCCESS
RFC2	YJR068W	RFC2	RFC2	853531	RFC2	GENENAME_found	SUCCESS
TOM5	YPR133W-A	TOM5	TOM5	856252	TOM5	GENENAME_found	SUCCESS
SEC18	YBR080C	SEC18	SEC18	852372	SEC18	GENENAME_found	SUCCESS
NUP170	YBL079W	NUP170	NUP170	852199	NUP170	GENENAME_found	SUCCESS
ZUO1	YGR285C	ZUO1	ZUO1	853202	ZUO1	GENENAME_found	SUCCESS
ART5	YGR068C	ART5	ART5	852960	ART5	GENENAME_found	SUCCESS
ROD1	YOR018W	ROD1	ROD1	854183	ROD1	GENENAME_found	SUCCESS
CST6	YIL036W	CST6	CST6	854775	CST6	GENENAME_found	SUCCESS
FOL2	YGR267C	FOL2	FOL2	853183	FOL2	GENENAME_found	SUCCESS
HSL7	YBR133C	HSL7	HSL7	852431	HSL7	GENENAME_found	SUCCESS
OPY1	YBR129C	OPY1	OPY1	852426	OPY1	GENENAME_found	SUCCESS
YJL133C-A	YJL133C-A	NA	NA	1466465	YJL133C-A	ORF_unchanged	SUCCESS
TMA19	YKL056C	TMA19	TMA19	853809	TMA19	GENENAME_found	SUCCESS
PWP1	YLR196W	PWP1	PWP1	850893	PWP1	GENENAME_found	SUCCESS
SFH5	YJL145W	SFH5	SFH5	853296	SFH5	GENENAME_found	SUCCESS
LST4	YKL176C	LST4	LST4	853678	LST4	GENENAME_found	SUCCESS
HUL5	YGL141W	HUL5	HUL5	852736	HUL5	GENENAME_found	SUCCESS
MSN4	YKL062W	MSN4	MSN4	853803	MSN4	GENENAME_found	SUCCESS
RSC30	YHR056C	RSC30	RSC30	856453	RSC30	GENENAME_found	SUCCESS
SCY1	YGL083W	SCY1	SCY1	852797	SCY1	GENENAME_found	SUCCESS
SCH9	YHR205W	SCH9	SCH9	856612	SCH9	GENENAME_found	SUCCESS
URE2	YNL229C	URE2	URE2	855492	URE2	GENENAME_found	SUCCESS
NGR1	YBR212W	NGR1	NGR1	852513	NGR1	GENENAME_found	SUCCESS
MSO1	YNR049C	MSO1	MSO1	855785	MSO1	GENENAME_found	SUCCESS
PHO8	YDR481C	PHO8	PHO8	852092	PHO8	GENENAME_found	SUCCESS
GCD10	YNL062C	GCD10	GCD10	855663	GCD10	GENENAME_found	SUCCESS
BOS1	YLR078C	BOS1	BOS1	850767	BOS1	GENENAME_found	SUCCESS
YCR051W	YCR051W	NA	NA	850418	YCR051W	ORF_unchanged	SUCCESS
EFM3	YJR129C	EFM3	EFM3	853593	EFM3	GENENAME_found	SUCCESS
NSP1	YJL041W	NSP1	NSP1	853409	NSP1	GENENAME_found	SUCCESS
CEX1	YOR112W	CEX1	CEX1	854279	CEX1	GENENAME_found	SUCCESS
PUS4	YNL292W	PUS4	PUS4	855424	PUS4	GENENAME_found	SUCCESS
PRE3	YJL001W	PRE3	PRE3	853456	PRE3	GENENAME_found	SUCCESS
FMP52	YER004W	FMP52	FMP52	856721	FMP52	GENENAME_found	SUCCESS
SWD1	YAR003W	SWD1	SWD1	851265	SWD1	GENENAME_found	SUCCESS
UMP1	YBR173C	UMP1	UMP1	852471	UMP1	GENENAME_found	SUCCESS
YKL023W	YKL023W	NA	NA	853845	YKL023W	ORF_unchanged	SUCCESS
TDA11	YHR159W	TDA11	TDA11	856564	TDA11	GENENAME_found	SUCCESS
VPS45	YGL095C	VPS45	VPS45	852785	VPS45	GENENAME_found	SUCCESS
UGO1	YDR470C	UGO1	UGO1	852081	UGO1	GENENAME_found	SUCCESS
MVB12	YGR206W	MVB12	MVB12	853120	MVB12	GENENAME_found	SUCCESS
TLG1	YDR468C	TLG1	TLG1	852079	TLG1	GENENAME_found	SUCCESS
PAN2	YGL094C	PAN2	PAN2	852786	PAN2	GENENAME_found	SUCCESS
SYH1	YPL105C	SYH1	SYH1	855999	SYH1	GENENAME_found	SUCCESS
STV1	YMR054W	STV1	STV1	855076	STV1	GENENAME_found	SUCCESS
PXP2	YJR111C	PXP2	PXP2	853575	PXP2	GENENAME_found	SUCCESS
PHB2	YGR231C	PHB2	PHB2	853146	PHB2	GENENAME_found	SUCCESS
PRS4	YBL068W	PRS4	PRS4	852211	PRS4	GENENAME_found	SUCCESS
CBF1	YJR060W	CBF1	CBF1	853523	CBF1	GENENAME_found	SUCCESS
SEC10	YLR166C	SEC10	SEC10	850863	SEC10	GENENAME_found	SUCCESS
GYL1	YMR192W	GYL1	GYL1	855230	GYL1	GENENAME_found	SUCCESS
YPR089W	YPR089W	NA	NA	856204	YPR089W	ORF_unchanged	SUCCESS
PRK1	YIL095W	PRK1	PRK1	854713	PRK1	GENENAME_found	SUCCESS
VPS21	YOR089C	VPS21	VPS21	854256	VPS21	GENENAME_found	SUCCESS
BPL1	YDL141W	BPL1	BPL1	851414	BPL1	GENENAME_found	SUCCESS
MED6	YHR058C	MED6	MED6	856455	MED6	GENENAME_found	SUCCESS
PRP11	YDL043C	PRP11	PRP11	851518	PRP11	GENENAME_found	SUCCESS
PRE2	YPR103W	PRE2	PRE2	856218	PRE2	GENENAME_found	SUCCESS
SML1	YML058W	SML1	SML1	854945	SML1	GENENAME_found	SUCCESS
POP2	YNR052C	POP2	POP2	855788	POP2	GENENAME_found	SUCCESS
PFK1	YGR240C	PFK1	PFK1	853155	PFK1	GENENAME_found	SUCCESS
MDG1	YNL173C	MDG1	MDG1	855548	MDG1	GENENAME_found	SUCCESS
RPS16A;RPS16B	NA	NA	NA	NA	RPS16A;RPS16B	COMPOSITE_SUCCESS	SUCCESS
KRS1	YDR037W	KRS1	KRS1	851607	KRS1	GENENAME_found	SUCCESS
RPP1A	YDL081C	RPP1A	RPP1A	851478	RPP1A	GENENAME_found	SUCCESS
EFT1	YOR133W	EFT1	EFT1	854301	EFT1	GENENAME_found	SUCCESS
SNF7	YLR025W	SNF7	SNF7	850712	SNF7	GENENAME_found	SUCCESS
PXL1	YKR090W	PXL1	PXL1	853965	PXL1	GENENAME_found	SUCCESS
NUP157	YER105C	NUP157	NUP157	856842	NUP157	GENENAME_found	SUCCESS
GPD1	YDL022W	GPD1	GPD1	851539	GPD1	GENENAME_found	SUCCESS
IMD4	YML056C	IMD4	IMD4	854948	IMD4	GENENAME_found	SUCCESS
CDC12	YHR107C	CDC12	CDC12	856507	CDC12	GENENAME_found	SUCCESS
SFA1	YDL168W	SFA1	SFA1	851386	SFA1	GENENAME_found	SUCCESS
BZZ1	YHR114W	BZZ1	BZZ1	856514	BZZ1	GENENAME_found	SUCCESS
SBP1	YHL034C	SBP1	SBP1	856351	SBP1	GENENAME_found	SUCCESS
SRO9	YCL037C	SRO9	SRO9	850320	SRO9	GENENAME_found	SUCCESS
RSA3	YLR221C	RSA3	RSA3	850918	RSA3	GENENAME_found	SUCCESS
EGD2	YHR193C	EGD2	EGD2	856600	EGD2	GENENAME_found	SUCCESS
CCT4	YDL143W	CCT4	CCT4	851412	CCT4	GENENAME_found	SUCCESS
PSE1	YMR308C	PSE1	PSE1	855356	PSE1	GENENAME_found	SUCCESS
CPP1	NA	NA	NA	NA	CPP1	MANUAL_LOOKUP	SUCCESS
YNL208W	YNL208W	NA	NA	855513	YNL208W	ORF_unchanged	SUCCESS
YML079W	YML079W	NA	NA	854896	YML079W	ORF_unchanged	SUCCESS
GPT2	YKR067W	GPT2	GPT2	853941	GPT2	GENENAME_found	SUCCESS
GSP1	YLR293C	GSP1	GSP1	851000	GSP1	GENENAME_found	SUCCESS
GSP2	YOR185C	GSP2	GSP2	854357	GSP2	GENENAME_found	SUCCESS
TOM40	YMR203W	TOM40	TOM40	855243	TOM40	GENENAME_found	SUCCESS
YDL012C	YDL012C	NA	NA	851550	YDL012C	ORF_unchanged	SUCCESS
THS1	YIL078W	THS1	THS1	854732	THS1	GENENAME_found	SUCCESS
YNL134C	YNL134C	NA	NA	855588	YNL134C	ORF_unchanged	SUCCESS
SGT2	YOR007C	SGT2	SGT2	854168	SGT2	GENENAME_found	SUCCESS
PIN3	YPR154W	PIN3	PIN3	856277	PIN3	GENENAME_found	SUCCESS
AAT2	YLR027C	AAT2	AAT2	850714	AAT2	GENENAME_found	SUCCESS
HBN1	YCL026C-B	HBN1	HBN1	850331	HBN1	GENENAME_found	SUCCESS
SCS2	YER120W	SCS2	SCS2	856856	SCS2	GENENAME_found	SUCCESS
SEC62	YPL094C	SEC62	SEC62	856011	SEC62	GENENAME_found	SUCCESS
CAP2	YIL034C	CAP2	CAP2	854777	CAP2	GENENAME_found	SUCCESS
RPS24A;RPS24B	NA	NA	NA	NA	RPS24A;RPS24B	COMPOSITE_SUCCESS	SUCCESS
HYP2	YEL034W	HYP2	HYP2	856677	HYP2	GENENAME_found	SUCCESS
FRS2	YFL022C	FRS2	FRS2	850522	FRS2	GENENAME_found	SUCCESS
YGR201C	YGR201C	NA	NA	853115	YGR201C	ORF_unchanged	SUCCESS
PNP1	YLR209C	PNP1	PNP1	850906	PNP1	GENENAME_found	SUCCESS
TMC1	YOR052C	TMC1	TMC1	854217	TMC1	GENENAME_found	SUCCESS
DYS1	YHR068W	DYS1	DYS1	856465	DYS1	GENENAME_found	SUCCESS
MDM20	YOL076W	MDM20	MDM20	854079	MDM20	GENENAME_found	SUCCESS
SBA1	YKL117W	SBA1	SBA1	853743	SBA1	GENENAME_found	SUCCESS
VAS1	YGR094W	VAS1	VAS1	852986	VAS1	GENENAME_found	SUCCESS
CSE1	YGL238W	CSE1	CSE1	852612	CSE1	GENENAME_found	SUCCESS
SEC1	YDR164C	SEC1	SEC1	851742	SEC1	GENENAME_found	SUCCESS
FPR3	YML074C	FPR3	FPR3	854901	FPR3	GENENAME_found	SUCCESS
ARC1	YGL105W	ARC1	ARC1	852773	ARC1	GENENAME_found	SUCCESS
FPR4	YLR449W	FPR4	FPR4	851170	FPR4	GENENAME_found	SUCCESS
TMA108	YIL137C	TMA108	TMA108	854669	TMA108	GENENAME_found	SUCCESS
CDS1	YBR029C	CDS1	CDS1	852317	CDS1	GENENAME_found	SUCCESS
PMR1	YGL167C	PMR1	PMR1	852709	PMR1	GENENAME_found	SUCCESS
SWA2	YDR320C	SWA2	SWA2	851918	SWA2	GENENAME_found	SUCCESS
PUP3	YER094C	PUP3	PUP3	856830	PUP3	GENENAME_found	SUCCESS
SEC17	YBL050W	SEC17	SEC17	852230	SEC17	GENENAME_found	SUCCESS
GEA2	YEL022W	GEA2	GEA2	856691	GEA2	GENENAME_found	SUCCESS
YEF3	YLR249W	YEF3	YEF3	850951	YEF3	GENENAME_found	SUCCESS
DBP5	YOR046C	DBP5	DBP5	854211	DBP5	GENENAME_found	SUCCESS
CDC25	YLR310C	CDC25	CDC25	851019	CDC25	GENENAME_found	SUCCESS
DSD1	YGL196W	DSD1	DSD1	852679	DSD1	GENENAME_found	SUCCESS
MBF1	YOR298C-A	MBF1	MBF1	854474	MBF1	GENENAME_found	SUCCESS
GCS1	YDL226C	GCS1	GCS1	851372	GCS1	GENENAME_found	SUCCESS
RGC1	YPR115W	RGC1	RGC1	856231	RGC1	GENENAME_found	SUCCESS
YRO2	YBR054W	YRO2	YRO2	852343	YRO2	GENENAME_found	SUCCESS
IOC4	YMR044W	IOC4	IOC4	855061	IOC4	GENENAME_found	SUCCESS
TRP4	YDR354W	TRP4	TRP4	851956	TRP4	GENENAME_found	SUCCESS
IGO2	YHR132W-A	IGO2	IGO2	856534	IGO2	GENENAME_found	SUCCESS
RIX1	YHR197W	RIX1	RIX1	856604	RIX1	GENENAME_found	SUCCESS
PUS1	YPL212C	PUS1	PUS1	855889	PUS1	GENENAME_found	SUCCESS
SFT2	YBL102W	SFT2	SFT2	852172	SFT2	GENENAME_found	SUCCESS
SCP160	YJL080C	SCP160	SCP160	853365	SCP160	GENENAME_found	SUCCESS
ACC1	YNR016C	ACC1	ACC1	855750	ACC1	GENENAME_found	SUCCESS
YHR122W	YHR122W	CIA2	CIA2	856522	CIA2	ORF_to_GENENAME	SUCCESS
GCN3	YKR026C	GCN3	GCN3	853896	GCN3	GENENAME_found	SUCCESS
SKI2	YLR398C	SKI2	SKI2	851114	SKI2	GENENAME_found	SUCCESS
TIF1	YKR059W	TIF1	TIF1	853933	TIF1	GENENAME_found	SUCCESS
ZWF1	YNL241C	ZWF1	ZWF1	855480	ZWF1	GENENAME_found	SUCCESS
SPC1	YJR010C-A	SPC1	SPC1	853467	SPC1	GENENAME_found	SUCCESS
ZEO1	YOL109W	ZEO1	ZEO1	854040	ZEO1	GENENAME_found	SUCCESS
PDC1	YLR044C	PDC1	PDC1	850733	PDC1	GENENAME_found	SUCCESS
ACL4	YDR161W	ACL4	ACL4	851739	ACL4	GENENAME_found	SUCCESS
MPP10	YJR002W	MPP10	MPP10	853458	MPP10	GENENAME_found	SUCCESS
RMT2	YDR465C	RMT2	RMT2	852076	RMT2	GENENAME_found	SUCCESS
RIM20	YOR275C	RIM20	RIM20	854449	RIM20	GENENAME_found	SUCCESS
LCP5	YER127W	LCP5	LCP5	856864	LCP5	GENENAME_found	SUCCESS
GET2	YER083C	GET2	GET2	856817	GET2	GENENAME_found	SUCCESS
YCR016W	YCR016W	NA	NA	850375	YCR016W	ORF_unchanged	SUCCESS
MAK21	YDR060W	MAK21	MAK21	851632	MAK21	GENENAME_found	SUCCESS
EMC4	YGL231C	EMC4	EMC4	852620	EMC4	GENENAME_found	SUCCESS
ZPR1	YGR211W	ZPR1	ZPR1	853125	ZPR1	GENENAME_found	SUCCESS
TRP5	YGL026C	TRP5	TRP5	852858	TRP5	GENENAME_found	SUCCESS
SEC7	YDR170C	SEC7	SEC7	851748	SEC7	GENENAME_found	SUCCESS
ILS1	YBL076C	ILS1	ILS1	852202	ILS1	GENENAME_found	SUCCESS
ARO4	YBR249C	ARO4	ARO4	852551	ARO4	GENENAME_found	SUCCESS
PET10	YKR046C	PET10	PET10	853920	PET10	GENENAME_found	SUCCESS
COA4	YLR218C	COA4	COA4	850915	COA4	GENENAME_found	SUCCESS
PGA2	YNL149C	PGA2	PGA2	855573	PGA2	GENENAME_found	SUCCESS
TIF35	YDR429C	TIF35	TIF35	852039	TIF35	GENENAME_found	SUCCESS
FPR1	YNL135C	FPR1	FPR1	855587	FPR1	GENENAME_found	SUCCESS
RRP4	YHR069C	RRP4	RRP4	856466	RRP4	GENENAME_found	SUCCESS
EHT1	YBR177C	EHT1	EHT1	852476	EHT1	GENENAME_found	SUCCESS
YOP1	YPR028W	YOP1	YOP1	856140	YOP1	GENENAME_found	SUCCESS
GLK1	YCL040W	GLK1	GLK1	850317	GLK1	GENENAME_found	SUCCESS
SCD5	YOR329C	SCD5	SCD5	854507	SCD5	GENENAME_found	SUCCESS
YDR391C	YDR391C	NA	NA	852000	YDR391C	ORF_unchanged	SUCCESS
EMI2	YDR516C	EMI2	EMI2	852128	EMI2	GENENAME_found	SUCCESS
MYO2	YOR326W	MYO2	MYO2	854504	MYO2	GENENAME_found	SUCCESS
VAM3	YOR106W	VAM3	VAM3	854273	VAM3	GENENAME_found	SUCCESS
MDR1	YGR100W	MDR1	MDR1	852992	MDR1	GENENAME_found	SUCCESS
PAT1	YCR077C	PAT1	PAT1	850440	PAT1	GENENAME_found	SUCCESS
TIM12	YBR091C	TIM12	TIM12	852388	TIM12	GENENAME_found	SUCCESS
YDL124W	YDL124W	NA	NA	851433	YDL124W	ORF_unchanged	SUCCESS
TIM10	YHR005C-A	TIM10	TIM10	856395	TIM10	GENENAME_found	SUCCESS
MES1	YGR264C	MES1	MES1	853181	MES1	GENENAME_found	SUCCESS
TOM7	YNL070W	TOM7	TOM7	855654	TOM7	GENENAME_found	SUCCESS
MOB1	YIL106W	MOB1	MOB1	854700	MOB1	GENENAME_found	SUCCESS
GVP36	YIL041W	GVP36	GVP36	854770	GVP36	GENENAME_found	SUCCESS
HSP26	YBR072W	HSP26	HSP26	852364	HSP26	GENENAME_found	SUCCESS
PGM2	YMR105C	PGM2	PGM2	855131	PGM2	GENENAME_found	SUCCESS
PKC1	YBL105C	PKC1	PKC1	852169	PKC1	GENENAME_found	SUCCESS
SKN7	YHR206W	SKN7	SKN7	856613	SKN7	GENENAME_found	SUCCESS
SAP155	YFR040W	SAP155	SAP155	850601	SAP155	GENENAME_found	SUCCESS
HSP42	YDR171W	HSP42	HSP42	851751	HSP42	GENENAME_found	SUCCESS
SCL1	YGL011C	SCL1	SCL1	852873	SCL1	GENENAME_found	SUCCESS
CDC28	YBR160W	CDC28	CDC28	852457	CDC28	GENENAME_found	SUCCESS
UBP6	YFR010W	UBP6	UBP6	850562	UBP6	GENENAME_found	SUCCESS
MEX67	YPL169C	MEX67	MEX67	855934	MEX67	GENENAME_found	SUCCESS
CDC11	YJR076C	CDC11	CDC11	853539	CDC11	GENENAME_found	SUCCESS
VIP1	YLR410W	VIP1	VIP1	851126	VIP1	GENENAME_found	SUCCESS
RPC34	YNR003C	RPC34	RPC34	855737	RPC34	GENENAME_found	SUCCESS
COX19	YLL018C-A	COX19	COX19	850642	COX19	GENENAME_found	SUCCESS
YPI1	YFR003C	YPI1	YPI1	850553	YPI1	GENENAME_found	SUCCESS
VMA8	YEL051W	VMA8	VMA8	856659	VMA8	GENENAME_found	SUCCESS
SED4	YCR067C	SED4	SED4	850431	SED4	GENENAME_found	SUCCESS
LDB7	YBL006C	LDB7	LDB7	852277	LDB7	GENENAME_found	SUCCESS
MRPL40	YPL173W	MRPL40	MRPL40	855930	MRPL40	GENENAME_found	SUCCESS
YPR148C	YPR148C	NA	NA	856271	YPR148C	ORF_unchanged	SUCCESS
SUB2	YDL084W	SUB2	SUB2	851475	SUB2	GENENAME_found	SUCCESS
YOL057W	YOL057W	NA	NA	854097	YOL057W	ORF_unchanged	SUCCESS
QNS1	YHR074W	QNS1	QNS1	856473	QNS1	GENENAME_found	SUCCESS
SNL1	YIL016W	SNL1	SNL1	854796	SNL1	GENENAME_found	SUCCESS
GGA2	YHR108W	GGA2	GGA2	856508	GGA2	GENENAME_found	SUCCESS
HSH155	YMR288W	HSH155	HSH155	855332	HSH155	GENENAME_found	SUCCESS
SFH1	YLR321C	SFH1	SFH1	851032	SFH1	GENENAME_found	SUCCESS
SSK2	YNR031C	SSK2	SSK2	855765	SSK2	GENENAME_found	SUCCESS
TFB1	YDR311W	TFB1	TFB1	851906	TFB1	GENENAME_found	SUCCESS
DUG1	YFR044C	DUG1	DUG1	850605	DUG1	GENENAME_found	SUCCESS
SEC53	YFL045C	SEC53	SEC53	850499	SEC53	GENENAME_found	SUCCESS
APT1	YML022W	APT1	APT1	854986	APT1	GENENAME_found	SUCCESS
DPM1	YPR183W	DPM1	DPM1	856313	DPM1	GENENAME_found	SUCCESS
APA1	YCL050C	APA1	APA1	850307	APA1	GENENAME_found	SUCCESS
ADH1	YOL086C	ADH1	ADH1	854068	ADH1	GENENAME_found	SUCCESS
GCD1	YOR260W	GCD1	GCD1	854434	GCD1	GENENAME_found	SUCCESS
RVB2	YPL235W	RVB2	RVB2	855841	RVB2	GENENAME_found	SUCCESS
DOT6	YER088C	DOT6	DOT6	856822	DOT6	GENENAME_found	SUCCESS
ADE1	YAR015W	ADE1	ADE1	851272	ADE1	GENENAME_found	SUCCESS
ASF1	YJL115W	ASF1	ASF1	853327	ASF1	GENENAME_found	SUCCESS
CHA1	YCL064C	CHA1	CHA1	850295	CHA1	GENENAME_found	SUCCESS
CBF5	YLR175W	CBF5	CBF5	850872	CBF5	GENENAME_found	SUCCESS
RPL1A;RPL1B	NA	NA	NA	NA	RPL1A;RPL1B	COMPOSITE_SUCCESS	SUCCESS
INO80	YGL150C	INO80	INO80	852728	INO80	GENENAME_found	SUCCESS
NTF2	YER009W	NTF2	NTF2	856727	NTF2	GENENAME_found	SUCCESS
MRI1	YPR118W	MRI1	MRI1	856234	MRI1	GENENAME_found	SUCCESS
RIO1	YOR119C	RIO1	RIO1	854286	RIO1	GENENAME_found	SUCCESS
ENT3	YJR125C	ENT3	ENT3	853589	ENT3	GENENAME_found	SUCCESS
CBC2	YPL178W	CBC2	CBC2	855925	CBC2	GENENAME_found	SUCCESS
BOI1	YBL085W	BOI1	BOI1	852193	BOI1	GENENAME_found	SUCCESS
SER1	YOR184W	SER1	SER1	854356	SER1	GENENAME_found	SUCCESS
DID4	YKL002W	DID4	DID4	853868	DID4	GENENAME_found	SUCCESS
YTH1	YPR107C	YTH1	YTH1	856222	YTH1	GENENAME_found	SUCCESS
EIS1	YMR031C	EIS1	EIS1	855047	EIS1	GENENAME_found	SUCCESS
GUP1	YGL084C	GUP1	GUP1	852796	GUP1	GENENAME_found	SUCCESS
CDC3	YLR314C	CDC3	CDC3	851024	CDC3	GENENAME_found	SUCCESS
SKI7	YOR076C	SKI7	SKI7	854243	SKI7	GENENAME_found	SUCCESS
PGM1	YKL127W	PGM1	PGM1	853732	PGM1	GENENAME_found	SUCCESS
DSK2	YMR276W	DSK2	DSK2	855319	DSK2	GENENAME_found	SUCCESS
RPS0A	YGR214W	RPS0A	RPS0A	853128	RPS0A	GENENAME_found	SUCCESS
GNA1	YFL017C	GNA1	GNA1	850529	GNA1	GENENAME_found	SUCCESS
LSM5	YER146W	LSM5	LSM5	856889	LSM5	GENENAME_found	SUCCESS
ERG12	YMR208W	ERG12	ERG12	855248	ERG12	GENENAME_found	SUCCESS
RPN6	YDL097C	RPN6	RPN6	851461	RPN6	GENENAME_found	SUCCESS
DOP1	YDR141C	DOP1	DOP1	851719	DOP1	GENENAME_found	SUCCESS
CCT6	YDR188W	CCT6	CCT6	851768	CCT6	GENENAME_found	SUCCESS
SRX1	YKL086W	SRX1	SRX1	853776	SRX1	GENENAME_found	SUCCESS
CCT8	YJL008C	CCT8	CCT8	853447	CCT8	GENENAME_found	SUCCESS
FRD1	YEL047C	FRD1	FRD1	856664	FRD1	GENENAME_found	SUCCESS
PGK1	YCR012W	PGK1	PGK1	850370	PGK1	GENENAME_found	SUCCESS
NPA3	YJR072C	NPA3	NPA3	853535	NPA3	GENENAME_found	SUCCESS
STI1	YOR027W	STI1	STI1	854192	STI1	GENENAME_found	SUCCESS
RPN2	YIL075C	RPN2	RPN2	854735	RPN2	GENENAME_found	SUCCESS
WHI4	YDL224C	WHI4	WHI4	851302	WHI4	GENENAME_found	SUCCESS
RPS18A;RPS18B	NA	NA	NA	NA	RPS18A;RPS18B	COMPOSITE_SUCCESS	SUCCESS
PRS5	YOL061W	PRS5	PRS5	854093	PRS5	GENENAME_found	SUCCESS
GLO3	YER122C	GLO3	GLO3	856859	GLO3	GENENAME_found	SUCCESS
STE20	YHL007C	STE20	STE20	856382	STE20	GENENAME_found	SUCCESS
BOI2	YER114C	BOI2	BOI2	856850	BOI2	GENENAME_found	SUCCESS
YPT32	YGL210W	YPT32	YPT32	852662	YPT32	GENENAME_found	SUCCESS
MRP8	YKL142W	MRP8	MRP8	853715	MRP8	GENENAME_found	SUCCESS
IGO1	YNL157W	IGO1	IGO1	855565	IGO1	GENENAME_found	SUCCESS
PTC1	YDL006W	PTC1	PTC1	851558	PTC1	GENENAME_found	SUCCESS
RPC40	YPR110C	RPC40	RPC40	856226	RPC40	GENENAME_found	SUCCESS
BUD14	YAR014C	BUD14	BUD14	851271	BUD14	GENENAME_found	SUCCESS
HAM1	YJR069C	HAM1	HAM1	853532	HAM1	GENENAME_found	SUCCESS
PGI1	YBR196C	PGI1	PGI1	852495	PGI1	GENENAME_found	SUCCESS
CMS1	YLR003C	CMS1	CMS1	850689	CMS1	GENENAME_found	SUCCESS
STM1	YLR150W	STM1	STM1	850843	STM1	GENENAME_found	SUCCESS
YDR381C-A	YDR381C-A	NA	NA	851989	YDR381C-A	ORF_unchanged	SUCCESS
NAB6	YML117W	NAB6	NAB6	854922	NAB6	GENENAME_found	SUCCESS
HPR1	YDR138W	HPR1	HPR1	851716	HPR1	GENENAME_found	SUCCESS
RPB8	YOR224C	RPB8	RPB8	854399	RPB8	GENENAME_found	SUCCESS
RPS14A	YCR031C	RPS14A	RPS14A	850397	RPS14A	GENENAME_found	SUCCESS
YMR090W	YMR090W	NA	NA	855115	YMR090W	ORF_unchanged	SUCCESS
DPS1	YLL018C	DPS1	DPS1	850643	DPS1	GENENAME_found	SUCCESS
ELC1	YPL046C	ELC1	ELC1	856061	ELC1	GENENAME_found	SUCCESS
CKB1	YGL019W	CKB1	CKB1	852865	CKB1	GENENAME_found	SUCCESS
IES4	YOR189W	IES4	IES4	854361	IES4	GENENAME_found	SUCCESS
HEK2	YBL032W	HEK2	HEK2	852248	HEK2	GENENAME_found	SUCCESS
CAM1	YPL048W	CAM1	CAM1	856059	CAM1	GENENAME_found	SUCCESS
TEF4	YKL081W	TEF4	TEF4	853781	TEF4	GENENAME_found	SUCCESS
PFD1	YJL179W	PFD1	PFD1	853260	PFD1	GENENAME_found	SUCCESS
TCP1	YDR212W	TCP1	TCP1	851798	TCP1	GENENAME_found	SUCCESS
DCS1	YLR270W	DCS1	DCS1	850974	DCS1	GENENAME_found	SUCCESS
HTL1	YCR020W-B	HTL1	HTL1	850384	HTL1	GENENAME_found	SUCCESS
ERG10	YPL028W	ERG10	ERG10	856079	ERG10	GENENAME_found	SUCCESS
LIP1	YMR298W	LIP1	LIP1	855344	LIP1	GENENAME_found	SUCCESS
RPL16B	YNL069C	RPL16B	RPL16B	855655	RPL16B	GENENAME_found	SUCCESS
SFB3	YHR098C	SFB3	SFB3	856498	SFB3	GENENAME_found	SUCCESS
RHO1	YPR165W	RHO1	RHO1	856294	RHO1	GENENAME_found	SUCCESS
ARC19	YKL013C	ARC19	ARC19	853856	ARC19	GENENAME_found	SUCCESS
TOM20	YGR082W	TOM20	TOM20	852973	TOM20	GENENAME_found	SUCCESS
IST2	YBR086C	IST2	IST2	852382	IST2	GENENAME_found	SUCCESS
BMH2	YDR099W	BMH2	BMH2	851676	BMH2	GENENAME_found	SUCCESS
NTH1	YDR001C	NTH1	NTH1	851564	NTH1	GENENAME_found	SUCCESS
SIN3	YOL004W	SIN3	SIN3	854158	SIN3	GENENAME_found	SUCCESS
CPR1	YDR155C	CPR1	CPR1	851733	CPR1	GENENAME_found	SUCCESS
KES1	YPL145C	KES1	KES1	855958	KES1	GENENAME_found	SUCCESS
GSY2	YLR258W	GSY2	GSY2	850962	GSY2	GENENAME_found	SUCCESS
RPC10	YHR143W-A	RPC10	RPC10	856547	RPC10	GENENAME_found	SUCCESS
CDC19	YAL038W	CDC19	CDC19	851193	CDC19	GENENAME_found	SUCCESS
BUD23	YCR047C	BUD23	BUD23	850414	BUD23	GENENAME_found	SUCCESS
GUK1	YDR454C	GUK1	GUK1	852065	GUK1	GENENAME_found	SUCCESS
RPL4A	YBR031W	RPL4A	RPL4A	852319	RPL4A	GENENAME_found	SUCCESS
PMC1	YGL006W	PMC1	PMC1	852878	PMC1	GENENAME_found	SUCCESS
TYS1	YGR185C	TYS1	TYS1	853097	TYS1	GENENAME_found	SUCCESS
PTA1	YAL043C	PTA1	PTA1	851255	PTA1	GENENAME_found	SUCCESS
NOP12	YOL041C	NOP12	NOP12	854116	NOP12	GENENAME_found	SUCCESS
VMA4	YOR332W	VMA4	VMA4	854509	VMA4	GENENAME_found	SUCCESS
VTC1	YER072W	VTC1	VTC1	856803	VTC1	GENENAME_found	SUCCESS
HTS1	YPR033C	HTS1	HTS1	856145	HTS1	GENENAME_found	SUCCESS
SUI3	YPL237W	SUI3	SUI3	855838	SUI3	GENENAME_found	SUCCESS
AMS1	YGL156W	AMS1	AMS1	852721	AMS1	GENENAME_found	SUCCESS
YPT31	YER031C	YPT31	YPT31	856753	YPT31	GENENAME_found	SUCCESS
CDC60	YPL160W	CDC60	CDC60	855943	CDC60	GENENAME_found	SUCCESS
CYR1	YJL005W	CYR1	CYR1	853452	CYR1	GENENAME_found	SUCCESS
NUP159	YIL115C	NUP159	NUP159	854691	NUP159	GENENAME_found	SUCCESS
VTI1	YMR197C	VTI1	VTI1	855237	VTI1	GENENAME_found	SUCCESS
UTP10	YJL109C	UTP10	UTP10	853335	UTP10	GENENAME_found	SUCCESS
RET3	YPL010W	RET3	RET3	856097	RET3	GENENAME_found	SUCCESS
TIM8	YJR135W-A	TIM8	TIM8	853600	TIM8	GENENAME_found	SUCCESS
GRE3	YHR104W	GRE3	GRE3	856504	GRE3	GENENAME_found	SUCCESS
CMD1	YBR109C	CMD1	CMD1	852406	CMD1	GENENAME_found	SUCCESS
UBA1	YKL210W	UBA1	UBA1	853670	UBA1	GENENAME_found	SUCCESS
NUP1	YOR098C	NUP1	NUP1	854265	NUP1	GENENAME_found	SUCCESS
SSZ1	YHR064C	SSZ1	SSZ1	856461	SSZ1	GENENAME_found	SUCCESS
GCD7	YLR291C	GCD7	GCD7	850998	GCD7	GENENAME_found	SUCCESS
CDC123	YLR215C	CDC123	CDC123	850912	CDC123	GENENAME_found	SUCCESS
SMD2	YLR275W	SMD2	SMD2	850981	SMD2	GENENAME_found	SUCCESS
GOS1	YHL031C	GOS1	GOS1	856354	GOS1	GENENAME_found	SUCCESS
YNK1	YKL067W	YNK1	YNK1	853798	YNK1	GENENAME_found	SUCCESS
SWC4	YGR002C	SWC4	SWC4	852885	SWC4	GENENAME_found	SUCCESS
LAP3	YNL239W	LAP3	LAP3	855482	LAP3	GENENAME_found	SUCCESS
YNR021W	YNR021W	NA	NA	855755	YNR021W	ORF_unchanged	SUCCESS
CAP1	YKL007W	CAP1	CAP1	853862	CAP1	GENENAME_found	SUCCESS
SNC1	YAL030W	SNC1	SNC1	851203	SNC1	GENENAME_found	SUCCESS
RNA14	YMR061W	RNA14	RNA14	855083	RNA14	GENENAME_found	SUCCESS
ARA1	YBR149W	ARA1	ARA1	852446	ARA1	GENENAME_found	SUCCESS
SNC2	YOR327C	SNC2	SNC2	854505	SNC2	GENENAME_found	SUCCESS
PSY4	YBL046W	PSY4	PSY4	852234	PSY4	GENENAME_found	SUCCESS
CHS5	YLR330W	CHS5	CHS5	851041	CHS5	GENENAME_found	SUCCESS
GLN4	YOR168W	GLN4	GLN4	854339	GLN4	GENENAME_found	SUCCESS
YBR053C	YBR053C	NA	NA	852342	YBR053C	ORF_unchanged	SUCCESS
CNS1	YBR155W	CNS1	CNS1	852452	CNS1	GENENAME_found	SUCCESS
MNN10	YDR245W	MNN10	MNN10	851832	MNN10	GENENAME_found	SUCCESS
KAP95	YLR347C	KAP95	KAP95	851061	KAP95	GENENAME_found	SUCCESS
SHS1	YDL225W	SHS1	SHS1	851373	SHS1	GENENAME_found	SUCCESS
MAP1	YLR244C	MAP1	MAP1	850945	MAP1	GENENAME_found	SUCCESS
NPY1	YGL067W	NPY1	NPY1	852813	NPY1	GENENAME_found	SUCCESS
POB3	YML069W	POB3	POB3	854933	POB3	GENENAME_found	SUCCESS
RPL14A	YKL006W	RPL14A	RPL14A	853864	RPL14A	GENENAME_found	SUCCESS
GLO1	YML004C	GLO1	GLO1	855009	GLO1	GENENAME_found	SUCCESS
EDC1	YGL222C	EDC1	EDC1	852650	EDC1	GENENAME_found	SUCCESS
SEM1	YDR363W-A	SEM1	SEM1	851967	SEM1	GENENAME_found	SUCCESS
MCK1	YNL307C	MCK1	MCK1	855409	MCK1	GENENAME_found	SUCCESS
RPS11A;RPS11B	NA	NA	NA	NA	RPS11A;RPS11B	COMPOSITE_SUCCESS	SUCCESS
PBP2	YBR233W	PBP2	PBP2	852533	PBP2	GENENAME_found	SUCCESS
MRH1	YDR033W	MRH1	MRH1	851597	MRH1	GENENAME_found	SUCCESS
YPL225W	YPL225W	NA	NA	855876	YPL225W	ORF_unchanged	SUCCESS
TMT1	YER175C	TMT1	TMT1	856922	TMT1	GENENAME_found	SUCCESS
VPS4	YPR173C	VPS4	VPS4	856303	VPS4	GENENAME_found	SUCCESS
YBL036C	YBL036C	NA	NA	852244	YBL036C	ORF_unchanged	SUCCESS
TEX1	YNL253W	TEX1	TEX1	855468	TEX1	GENENAME_found	SUCCESS
LAC1	YKL008C	LAC1	LAC1	853861	LAC1	GENENAME_found	SUCCESS
IWR1	YDL115C	IWR1	IWR1	851442	IWR1	GENENAME_found	SUCCESS
UME1	YPL139C	UME1	UME1	855964	UME1	GENENAME_found	SUCCESS
REG1	YDR028C	REG1	REG1	851592	REG1	GENENAME_found	SUCCESS
LCB2	YDR062W	LCB2	LCB2	851634	LCB2	GENENAME_found	SUCCESS
SSE2	YBR169C	SSE2	SSE2	852467	SSE2	GENENAME_found	SUCCESS
TSR2	YLR435W	TSR2	TSR2	851154	TSR2	GENENAME_found	SUCCESS
MDY2	YOL111C	MDY2	MDY2	854038	MDY2	GENENAME_found	SUCCESS
BMH1	YER177W	BMH1	BMH1	856924	BMH1	GENENAME_found	SUCCESS
YBR062C	YBR062C	NA	NA	852354	YBR062C	ORF_unchanged	SUCCESS
UBR1	YGR184C	UBR1	UBR1	853096	UBR1	GENENAME_found	SUCCESS
CDC33	YOL139C	CDC33	CDC33	854026	CDC33	GENENAME_found	SUCCESS
RPL16A	YIL133C	RPL16A	RPL16A	854673	RPL16A	GENENAME_found	SUCCESS
GRE2	YOL151W	GRE2	GRE2	854014	GRE2	GENENAME_found	SUCCESS
TRP3	YKL211C	TRP3	TRP3	853669	TRP3	GENENAME_found	SUCCESS
TRM82	YDR165W	TRM82	TRM82	851743	TRM82	GENENAME_found	SUCCESS
LST8	YNL006W	LST8	LST8	855726	LST8	GENENAME_found	SUCCESS
TRP1	YDR007W	TRP1	TRP1	851570	TRP1	GENENAME_found	SUCCESS
SRP21	YKL122C	SRP21	SRP21	853737	SRP21	GENENAME_found	SUCCESS
MDV1	YJL112W	MDV1	MDV1	853332	MDV1	GENENAME_found	SUCCESS
RRP46	YGR095C	RRP46	RRP46	852987	RRP46	GENENAME_found	SUCCESS
CCT2	YIL142W	CCT2	CCT2	854664	CCT2	GENENAME_found	SUCCESS
MIR1	YJR077C	MIR1	MIR1	853540	MIR1	GENENAME_found	SUCCESS
LSM12	YHR121W	LSM12	LSM12	856521	LSM12	GENENAME_found	SUCCESS
HST2	YPL015C	HST2	HST2	856092	HST2	GENENAME_found	SUCCESS
RKM3	YBR030W	RKM3	RKM3	852318	RKM3	GENENAME_found	SUCCESS
RVS161	YCR009C	RVS161	RVS161	850367	RVS161	GENENAME_found	SUCCESS
TIM23	YNR017W	TIM23	TIM23	855751	TIM23	GENENAME_found	SUCCESS
PFY1	YOR122C	PFY1	PFY1	854289	PFY1	GENENAME_found	SUCCESS
ARP3	YJR065C	ARP3	ARP3	853528	ARP3	GENENAME_found	SUCCESS
CWC21	YDR482C	CWC21	CWC21	852093	CWC21	GENENAME_found	SUCCESS
YIF1	YNL263C	YIF1	YIF1	855458	YIF1	GENENAME_found	SUCCESS
ERV29	YGR284C	ERV29	ERV29	853201	ERV29	GENENAME_found	SUCCESS
SER33	YIL074C	SER33	SER33	854736	SER33	GENENAME_found	SUCCESS
DLD3	YEL071W	DLD3	DLD3	856638	DLD3	GENENAME_found	SUCCESS
URA6	YKL024C	URA6	URA6	853844	URA6	GENENAME_found	SUCCESS
RPT6	YGL048C	RPT6	RPT6	852834	RPT6	GENENAME_found	SUCCESS
IDI1	YPL117C	IDI1	IDI1	855986	IDI1	GENENAME_found	SUCCESS
UFD2	YDL190C	UFD2	UFD2	851337	UFD2	GENENAME_found	SUCCESS
GCN1	YGL195W	GCN1	GCN1	852680	GCN1	GENENAME_found	SUCCESS
ADO1	YJR105W	ADO1	ADO1	853569	ADO1	GENENAME_found	SUCCESS
GPM2	YDL021W	GPM2	GPM2	851541	GPM2	GENENAME_found	SUCCESS
MAP2	YBL091C	MAP2	MAP2	852187	MAP2	GENENAME_found	SUCCESS
SPC19	YDR201W	SPC19	SPC19	851782	SPC19	GENENAME_found	SUCCESS
TIF4631	YGR162W	TIF4631	TIF4631	853071	TIF4631	GENENAME_found	SUCCESS
BDF1	YLR399C	BDF1	BDF1	851115	BDF1	GENENAME_found	SUCCESS
BEM3	YPL115C	BEM3	BEM3	855988	BEM3	GENENAME_found	SUCCESS
PRE8	YML092C	PRE8	PRE8	854882	PRE8	GENENAME_found	SUCCESS
PMA1	YGL008C	PMA1	PMA1	852876	PMA1	GENENAME_found	SUCCESS
ADE6	YGR061C	ADE6	ADE6	852952	ADE6	GENENAME_found	SUCCESS
DUS1	YML080W	DUS1	DUS1	854895	DUS1	GENENAME_found	SUCCESS
FAA4	YMR246W	FAA4	FAA4	855288	FAA4	GENENAME_found	SUCCESS
UTP18	YJL069C	UTP18	UTP18	853376	UTP18	GENENAME_found	SUCCESS
TKL1	YPR074C	TKL1	TKL1	856188	TKL1	GENENAME_found	SUCCESS
RRP6	YOR001W	RRP6	RRP6	854162	RRP6	GENENAME_found	SUCCESS
GDH3	YAL062W	GDH3	GDH3	851237	GDH3	GENENAME_found	SUCCESS
PRE10	YOR362C	PRE10	PRE10	854544	PRE10	GENENAME_found	SUCCESS
APL5	YPL195W	APL5	APL5	855906	APL5	GENENAME_found	SUCCESS
HGH1	YGR187C	HGH1	HGH1	853099	HGH1	GENENAME_found	SUCCESS
TDA1	YMR291W	TDA1	TDA1	855336	TDA1	GENENAME_found	SUCCESS
NAT3	YPR131C	NAT3	NAT3	856249	NAT3	GENENAME_found	SUCCESS
LRS4	YDR439W	LRS4	LRS4	852049	LRS4	GENENAME_found	SUCCESS
HOG1	YLR113W	HOG1	HOG1	850803	HOG1	GENENAME_found	SUCCESS
UBP10	YNL186W	UBP10	UBP10	855535	UBP10	GENENAME_found	SUCCESS
CWC15	YDR163W	CWC15	CWC15	851741	CWC15	GENENAME_found	SUCCESS
PXP1	YEL020C	PXP1	PXP1	856694	PXP1	GENENAME_found	SUCCESS
SWD2	YKL018W	SWD2	SWD2	853851	SWD2	GENENAME_found	SUCCESS
SLA1	YBL007C	SLA1	SLA1	852276	SLA1	GENENAME_found	SUCCESS
CTF18	YMR078C	CTF18	CTF18	855102	CTF18	GENENAME_found	SUCCESS
RPS27A;RPS27B	NA	NA	NA	NA	RPS27A;RPS27B	COMPOSITE_SUCCESS	SUCCESS
ENO1	YGR254W	ENO1	ENO1	853169	ENO1	GENENAME_found	SUCCESS
ENO2	YHR174W	ENO2	ENO2	856579	ENO2	GENENAME_found	SUCCESS
RNR2	YJL026W	RNR2	RNR2	853427	RNR2	GENENAME_found	SUCCESS
ARO3	YDR035W	ARO3	ARO3	851605	ARO3	GENENAME_found	SUCCESS
GSY1	YFR015C	GSY1	GSY1	850569	GSY1	GENENAME_found	SUCCESS
CCP1	YKR066C	CCP1	CCP1	853940	CCP1	GENENAME_found	SUCCESS
FES1	YBR101C	FES1	FES1	852397	FES1	GENENAME_found	SUCCESS
SPN1	YPR133C	SPN1	SPN1	856251	SPN1	GENENAME_found	SUCCESS
GSF2	YML048W	GSF2	GSF2	854957	GSF2	GENENAME_found	SUCCESS
ATP5	YDR298C	ATP5	ATP5	851892	ATP5	GENENAME_found	SUCCESS
CDC48	YDL126C	CDC48	CDC48	851431	CDC48	GENENAME_found	SUCCESS
SPT5	YML010W	SPT5	SPT5	854999	SPT5	GENENAME_found	SUCCESS
STE23	YLR389C	STE23	STE23	851105	STE23	GENENAME_found	SUCCESS
TIF5	YPR041W	TIF5	TIF5	856154	TIF5	GENENAME_found	SUCCESS
PIR1	YKL164C	PIR1	PIR1	853692	PIR1	GENENAME_found	SUCCESS
SEA4	YBL104C	SEA4	SEA4	852170	SEA4	GENENAME_found	SUCCESS
CMP2	YML057W	CMP2	CMP2	854946	CMP2	GENENAME_found	SUCCESS
PUF4	YGL014W	PUF4	PUF4	852870	PUF4	GENENAME_found	SUCCESS
SSB1	YDL229W	SSB1	SSB1	851369	SSB1	GENENAME_found	SUCCESS
PRO3	YER023W	PRO3	PRO3	856744	PRO3	GENENAME_found	SUCCESS
FET5	YFL041W	FET5	FET5	850502	FET5	GENENAME_found	SUCCESS
ILV2	YMR108W	ILV2	ILV2	855135	ILV2	GENENAME_found	SUCCESS
PAF1	YBR279W	PAF1	PAF1	852582	PAF1	GENENAME_found	SUCCESS
BUD3	YCL014W	BUD3	BUD3	850345	BUD3	GENENAME_found	SUCCESS
SEC6	YIL068C	SEC6	SEC6	854742	SEC6	GENENAME_found	SUCCESS
ROK1	YGL171W	ROK1	ROK1	852704	ROK1	GENENAME_found	SUCCESS
WTM1	YOR230W	WTM1	WTM1	854405	WTM1	GENENAME_found	SUCCESS
IMG2	YCR071C	IMG2	IMG2	850434	IMG2	GENENAME_found	SUCCESS
PDI1	YCL043C	PDI1	PDI1	850314	PDI1	GENENAME_found	SUCCESS
ADE3	YGR204W	ADE3	ADE3	853118	ADE3	GENENAME_found	SUCCESS
FAS2	YPL231W	FAS2	FAS2	855845	FAS2	GENENAME_found	SUCCESS
PFK2	YMR205C	PFK2	PFK2	855245	PFK2	GENENAME_found	SUCCESS
BRF1	YGR246C	BRF1	BRF1	853161	BRF1	GENENAME_found	SUCCESS
PRM8	YGL053W	PRM8	PRM8	852828	PRM8	GENENAME_found	SUCCESS
PRS3	YHL011C	PRS3	PRS3	856375	PRS3	GENENAME_found	SUCCESS
RPL7A	YGL076C	RPL7A	RPL7A	852804	RPL7A	GENENAME_found	SUCCESS
PUS7	YOR243C	PUS7	PUS7	854417	PUS7	GENENAME_found	SUCCESS
CTT1	YGR088W	CTT1	CTT1	852979	CTT1	GENENAME_found	SUCCESS
DUR1,2	YBR208C	DUR1,2	DUR1,2	852507	DUR1,2	GENENAME_found	SUCCESS
MRPL1	YDR116C	MRPL1	MRPL1	851694	MRPL1	GENENAME_found	SUCCESS
GPA1	YHR005C	GPA1	GPA1	856394	GPA1	GENENAME_found	SUCCESS
ALD2	YMR170C	ALD2	ALD2	855206	ALD2	GENENAME_found	SUCCESS
SDH1	YKL148C	SDH1	SDH1	853709	SDH1	GENENAME_found	SUCCESS
MRPS18	YNL306W	MRPS18	MRPS18	855410	MRPS18	GENENAME_found	SUCCESS
UGA1	YGR019W	UGA1	UGA1	852902	UGA1	GENENAME_found	SUCCESS
COR1	YBL045C	COR1	COR1	852235	COR1	GENENAME_found	SUCCESS
PIL1	YGR086C	PIL1	PIL1	852977	PIL1	GENENAME_found	SUCCESS
DBF2	YGR092W	DBF2	DBF2	852984	DBF2	GENENAME_found	SUCCESS
ACF2	YLR144C	ACF2	ACF2	850836	ACF2	GENENAME_found	SUCCESS
YME2	YMR302C	YME2	YME2	855348	YME2	GENENAME_found	SUCCESS
RPS2	YGL123W	RPS2	RPS2	852754	RPS2	GENENAME_found	SUCCESS
RPP1B	YDL130W	RPP1B	RPP1B	851427	RPP1B	GENENAME_found	SUCCESS
GLO2	YDR272W	GLO2	GLO2	851865	GLO2	GENENAME_found	SUCCESS
MNN2	YBR015C	MNN2	MNN2	852303	MNN2	GENENAME_found	SUCCESS
RPL28	YGL103W	RPL28	RPL28	852775	RPL28	GENENAME_found	SUCCESS
SEC14	YMR079W	SEC14	SEC14	855103	SEC14	GENENAME_found	SUCCESS
YCP4	YCR004C	YCP4	YCP4	850360	YCP4	GENENAME_found	SUCCESS
RPL13B	YMR142C	RPL13B	RPL13B	855173	RPL13B	GENENAME_found	SUCCESS
MET13	YGL125W	MET13	MET13	852752	MET13	GENENAME_found	SUCCESS
PRY2	YKR013W	PRY2	PRY2	853882	PRY2	GENENAME_found	SUCCESS
LYS2	YBR115C	LYS2	LYS2	852412	LYS2	GENENAME_found	SUCCESS
HXT1	YHR094C	HXT1	HXT1	856494	HXT1	GENENAME_found	SUCCESS
RKI1	YOR095C	RKI1	RKI1	854262	RKI1	GENENAME_found	SUCCESS
SDH3	YKL141W	SDH3	SDH3	853716	SDH3	GENENAME_found	SUCCESS
YKR018C	YKR018C	NA	NA	853888	YKR018C	ORF_unchanged	SUCCESS
RPG1	YBR079C	RPG1	RPG1	852371	RPG1	GENENAME_found	SUCCESS
GYP5	YPL249C	GYP5	GYP5	855827	GYP5	GENENAME_found	SUCCESS
ILV5	YLR355C	ILV5	ILV5	851069	ILV5	GENENAME_found	SUCCESS
SEC2	YNL272C	SEC2	SEC2	855449	SEC2	GENENAME_found	SUCCESS
MCM4	YPR019W	MCM4	MCM4	856130	MCM4	GENENAME_found	SUCCESS
SET1	YHR119W	SET1	SET1	856519	SET1	GENENAME_found	SUCCESS
ARB1	YER036C	ARB1	ARB1	856758	ARB1	GENENAME_found	SUCCESS
THI6	YPL214C	THI6	THI6	855887	THI6	GENENAME_found	SUCCESS
VPS27	YNR006W	VPS27	VPS27	855739	VPS27	GENENAME_found	SUCCESS
RFA1	YAR007C	RFA1	RFA1	851266	RFA1	GENENAME_found	SUCCESS
DIP2	YLR129W	DIP2	DIP2	850820	DIP2	GENENAME_found	SUCCESS
RPS8A;RPS8B	NA	NA	NA	NA	RPS8A;RPS8B	COMPOSITE_SUCCESS	SUCCESS
RPS15	YOL040C	RPS15	RPS15	854117	RPS15	GENENAME_found	SUCCESS
VMA6	YLR447C	VMA6	VMA6	851168	VMA6	GENENAME_found	SUCCESS
MDL1	YLR188W	MDL1	MDL1	850885	MDL1	GENENAME_found	SUCCESS
IML2	YJL082W	IML2	IML2	853363	IML2	GENENAME_found	SUCCESS
MCA1	YOR197W	MCA1	MCA1	854372	MCA1	GENENAME_found	SUCCESS
PIS1	YPR113W	PIS1	PIS1	856229	PIS1	GENENAME_found	SUCCESS
MAS1	YLR163C	MAS1	MAS1	850860	MAS1	GENENAME_found	SUCCESS
GUS1	YGL245W	GUS1	GUS1	852606	GUS1	GENENAME_found	SUCCESS
FUN12	YAL035W	FUN12	FUN12	851196	FUN12	GENENAME_found	SUCCESS
MIS1	YBR084W	MIS1	MIS1	852378	MIS1	GENENAME_found	SUCCESS
AIM46	YHR199C	AIM46	AIM46	856606	AIM46	GENENAME_found	SUCCESS
IRC24	YIR036C	IRC24	IRC24	854854	IRC24	GENENAME_found	SUCCESS
YIR035C	YIR035C	NA	NA	854853	YIR035C	ORF_unchanged	SUCCESS
ADH4	YGL256W	ADH4	ADH4	852636	ADH4	GENENAME_found	SUCCESS
BGL2	YGR282C	BGL2	BGL2	853199	BGL2	GENENAME_found	SUCCESS
TIP41	YPR040W	TIP41	TIP41	856153	TIP41	GENENAME_found	SUCCESS
ARO1	YDR127W	ARO1	ARO1	851705	ARO1	GENENAME_found	SUCCESS
CYC8	YBR112C	CYC8	CYC8	852410	CYC8	GENENAME_found	SUCCESS
SDA1	YGR245C	SDA1	SDA1	853160	SDA1	GENENAME_found	SUCCESS
SWI1	YPL016W	SWI1	SWI1	856091	SWI1	GENENAME_found	SUCCESS
MNN11	YJL183W	MNN11	MNN11	853256	MNN11	GENENAME_found	SUCCESS
YCG1	YDR325W	YCG1	YCG1	851925	YCG1	GENENAME_found	SUCCESS
RFC1	YOR217W	RFC1	RFC1	854392	RFC1	GENENAME_found	SUCCESS
BMS1	YPL217C	BMS1	BMS1	855884	BMS1	GENENAME_found	SUCCESS
HSE1	YHL002W	HSE1	HSE1	856387	HSE1	GENENAME_found	SUCCESS
HXK2	YGL253W	HXK2	HXK2	852639	HXK2	GENENAME_found	SUCCESS
ERG27	YLR100W	ERG27	ERG27	850790	ERG27	GENENAME_found	SUCCESS
PSK1	YAL017W	PSK1	PSK1	851216	PSK1	GENENAME_found	SUCCESS
CSL4	YNL232W	CSL4	CSL4	855489	CSL4	GENENAME_found	SUCCESS
MDN1	YLR106C	MDN1	MDN1	850796	MDN1	GENENAME_found	SUCCESS
GDH1	YOR375C	GDH1	GDH1	854557	GDH1	GENENAME_found	SUCCESS
RPL15A	YLR029C	RPL15A	RPL15A	850716	RPL15A	GENENAME_found	SUCCESS
CYT1	YOR065W	CYT1	CYT1	854231	CYT1	GENENAME_found	SUCCESS
HMO1	YDR174W	HMO1	HMO1	851754	HMO1	GENENAME_found	SUCCESS
KIC1	YHR102W	KIC1	KIC1	856502	KIC1	GENENAME_found	SUCCESS
MET6	YER091C	MET6	MET6	856825	MET6	GENENAME_found	SUCCESS
MDL2	YPL270W	MDL2	MDL2	855858	MDL2	GENENAME_found	SUCCESS
RNR1	YER070W	RNR1	RNR1	856801	RNR1	GENENAME_found	SUCCESS
RPB2	YOR151C	RPB2	RPB2	854322	RPB2	GENENAME_found	SUCCESS
ATG2	YNL242W	ATG2	ATG2	855479	ATG2	GENENAME_found	SUCCESS
PAL1	YDR348C	PAL1	PAL1	851949	PAL1	GENENAME_found	SUCCESS
SPT6	YGR116W	SPT6	SPT6	853011	SPT6	GENENAME_found	SUCCESS
SKI3	YPR189W	SKI3	SKI3	856319	SKI3	GENENAME_found	SUCCESS
LPD1	YFL018C	LPD1	LPD1	850527	LPD1	GENENAME_found	SUCCESS
CAR2	YLR438W	CAR2	CAR2	851158	CAR2	GENENAME_found	SUCCESS
SAN1	YDR143C	SAN1	SAN1	851721	SAN1	GENENAME_found	SUCCESS
MHP1	YJL042W	MHP1	MHP1	853408	MHP1	GENENAME_found	SUCCESS
ATP1	YBL099W	ATP1	ATP1	852177	ATP1	GENENAME_found	SUCCESS
IPP1	YBR011C	IPP1	IPP1	852296	IPP1	GENENAME_found	SUCCESS
RPO41	YFL036W	RPO41	RPO41	850507	RPO41	GENENAME_found	SUCCESS
TPI1	YDR050C	TPI1	TPI1	851620	TPI1	GENENAME_found	SUCCESS
NOG2	YNR053C	NOG2	NOG2	855789	NOG2	GENENAME_found	SUCCESS
SEC16	YPL085W	SEC16	SEC16	856020	SEC16	GENENAME_found	SUCCESS
BLM10	YFL007W	BLM10	BLM10	850541	BLM10	GENENAME_found	SUCCESS
NDE1	YMR145C	NDE1	NDE1	855176	NDE1	GENENAME_found	SUCCESS
SMY2	YBR172C	SMY2	SMY2	852470	SMY2	GENENAME_found	SUCCESS
SKG3	YLR187W	SKG3	SKG3	850884	SKG3	GENENAME_found	SUCCESS
DEG1	YFL001W	DEG1	DEG1	850550	DEG1	GENENAME_found	SUCCESS
QRI1	YDL103C	QRI1	QRI1	851455	QRI1	GENENAME_found	SUCCESS
NHA1	YLR138W	NHA1	NHA1	850829	NHA1	GENENAME_found	SUCCESS
NIT3	YLR351C	NIT3	NIT3	851065	NIT3	GENENAME_found	SUCCESS
RSM19	YNR037C	RSM19	RSM19	855773	RSM19	GENENAME_found	SUCCESS
ATP12	YJL180C	ATP12	ATP12	853259	ATP12	GENENAME_found	SUCCESS
HBT1	YDL223C	HBT1	HBT1	851303	HBT1	GENENAME_found	SUCCESS
ARC40	YBR234C	ARC40	ARC40	852536	ARC40	GENENAME_found	SUCCESS
BCY1	YIL033C	BCY1	BCY1	854778	BCY1	GENENAME_found	SUCCESS
HSP60	YLR259C	HSP60	HSP60	850963	HSP60	GENENAME_found	SUCCESS
CWP2	YKL096W-A	CWP2	CWP2	853765	CWP2	GENENAME_found	SUCCESS
TOS1	YBR162C	TOS1	TOS1	852459	TOS1	GENENAME_found	SUCCESS
GRS1	YBR121C	GRS1	GRS1	852418	GRS1	GENENAME_found	SUCCESS
URA4	YLR420W	URA4	URA4	851139	URA4	GENENAME_found	SUCCESS
DAP2	YHR028C	DAP2	DAP2	856423	DAP2	GENENAME_found	SUCCESS
COX5B	YIL111W	COX5B	COX5B	854695	COX5B	GENENAME_found	SUCCESS
ISW1	YBR245C	ISW1	ISW1	852547	ISW1	GENENAME_found	SUCCESS
RPS3	YNL178W	RPS3	RPS3	855543	RPS3	GENENAME_found	SUCCESS
SLU7	YDR088C	SLU7	SLU7	851661	SLU7	GENENAME_found	SUCCESS
LSP1	YPL004C	LSP1	LSP1	856103	LSP1	GENENAME_found	SUCCESS
DPL1	YDR294C	DPL1	DPL1	851888	DPL1	GENENAME_found	SUCCESS
CDD1	YLR245C	CDD1	CDD1	850946	CDD1	GENENAME_found	SUCCESS
ABZ1	YNR033W	ABZ1	ABZ1	855768	ABZ1	GENENAME_found	SUCCESS
SNU13	YEL026W	SNU13	SNU13	856687	SNU13	GENENAME_found	SUCCESS
NUG1	YER006W	NUG1	NUG1	856723	NUG1	GENENAME_found	SUCCESS
MVD1	YNR043W	MVD1	MVD1	855779	MVD1	GENENAME_found	SUCCESS
KRE2	YDR483W	KRE2	KRE2	852094	KRE2	GENENAME_found	SUCCESS
SKY1	YMR216C	SKY1	SKY1	855256	SKY1	GENENAME_found	SUCCESS
SEC21	YNL287W	SEC21	SEC21	855429	SEC21	GENENAME_found	SUCCESS
RCK2	YLR248W	RCK2	RCK2	850950	RCK2	GENENAME_found	SUCCESS
APE2	YKL157W	APE2	APE2	853699	APE2	GENENAME_found	SUCCESS
HPA3	YEL066W	HPA3	HPA3	856642	HPA3	GENENAME_found	SUCCESS
BCP1	YDR361C	BCP1	BCP1	851963	BCP1	GENENAME_found	SUCCESS
LUC7	YDL087C	LUC7	LUC7	851471	LUC7	GENENAME_found	SUCCESS
FAT1	YBR041W	FAT1	FAT1	852329	FAT1	GENENAME_found	SUCCESS
GLR1	YPL091W	GLR1	GLR1	856014	GLR1	GENENAME_found	SUCCESS
BFR1	YOR198C	BFR1	BFR1	854373	BFR1	GENENAME_found	SUCCESS
SEC63	YOR254C	SEC63	SEC63	854428	SEC63	GENENAME_found	SUCCESS
LAP2	YNL045W	LAP2	LAP2	855682	LAP2	GENENAME_found	SUCCESS
DRS1	YLL008W	DRS1	DRS1	850652	DRS1	GENENAME_found	SUCCESS
GAS1	YMR307W	GAS1	GAS1	855355	GAS1	GENENAME_found	SUCCESS
SCW4	YGR279C	SCW4	SCW4	853196	SCW4	GENENAME_found	SUCCESS
COX20	YDR231C	COX20	COX20	851817	COX20	GENENAME_found	SUCCESS
NUP2	YLR335W	NUP2	NUP2	851048	NUP2	GENENAME_found	SUCCESS
GLT1	YDL171C	GLT1	GLT1	851383	GLT1	GENENAME_found	SUCCESS
LSB5	YCL034W	LSB5	LSB5	850323	LSB5	GENENAME_found	SUCCESS
CHD1	YER164W	CHD1	CHD1	856911	CHD1	GENENAME_found	SUCCESS
LAT1	YNL071W	LAT1	LAT1	855653	LAT1	GENENAME_found	SUCCESS
COA6	YMR244C-A	COA6	COA6	855287	COA6	GENENAME_found	SUCCESS
NEW1	YPL226W	NEW1	NEW1	855875	NEW1	GENENAME_found	SUCCESS
NOP2	YNL061W	NOP2	NOP2	855664	NOP2	GENENAME_found	SUCCESS
VMA13	YPR036W	VMA13	VMA13	856148	VMA13	GENENAME_found	SUCCESS
SSQ1	YLR369W	SSQ1	SSQ1	851084	SSQ1	GENENAME_found	SUCCESS
SNU71	YGR013W	SNU71	SNU71	852896	SNU71	GENENAME_found	SUCCESS
OLE1	YGL055W	OLE1	OLE1	852825	OLE1	GENENAME_found	SUCCESS
BPT1	YLL015W	BPT1	BPT1	850645	BPT1	GENENAME_found	SUCCESS
YOR1	YGR281W	YOR1	YOR1	853198	YOR1	GENENAME_found	SUCCESS
RAD50	YNL250W	RAD50	RAD50	855471	RAD50	GENENAME_found	SUCCESS
GTT3	YEL017W	GTT3	GTT3	856698	GTT3	GENENAME_found	SUCCESS
DIG1	YPL049C	DIG1	DIG1	856058	DIG1	GENENAME_found	SUCCESS
RPS7B	YNL096C	RPS7B	RPS7B	855628	RPS7B	GENENAME_found	SUCCESS
NAB3	YPL190C	NAB3	NAB3	855911	NAB3	GENENAME_found	SUCCESS
NUP145	YGL092W	NUP145	NUP145	852788	NUP145	GENENAME_found	SUCCESS
TIF3	YPR163C	TIF3	TIF3	856292	TIF3	GENENAME_found	SUCCESS
SIL1	YOL031C	SIL1	SIL1	854126	SIL1	GENENAME_found	SUCCESS
PYC1	YGL062W	PYC1	PYC1	852818	PYC1	GENENAME_found	SUCCESS
YDR248C	YDR248C	NA	NA	851835	YDR248C	ORF_unchanged	SUCCESS
GUA1	YMR217W	GUA1	GUA1	855257	GUA1	GENENAME_found	SUCCESS
SMI1	YGR229C	SMI1	SMI1	853144	SMI1	GENENAME_found	SUCCESS
ADE17	YMR120C	ADE17	ADE17	855149	ADE17	GENENAME_found	SUCCESS
RPL5	YPL131W	RPL5	RPL5	855972	RPL5	GENENAME_found	SUCCESS
GAS3	YMR215W	GAS3	GAS3	855255	GAS3	GENENAME_found	SUCCESS
RPB5	YBR154C	RPB5	RPB5	852451	RPB5	GENENAME_found	SUCCESS
MNN5	YJL186W	MNN5	MNN5	853253	MNN5	GENENAME_found	SUCCESS
CRM1	YGR218W	CRM1	CRM1	853133	CRM1	GENENAME_found	SUCCESS
CDC39	YCR093W	CDC39	CDC39	850455	CDC39	GENENAME_found	SUCCESS
NBA1	YOL070C	NBA1	NBA1	854084	NBA1	GENENAME_found	SUCCESS
GCD11	YER025W	GCD11	GCD11	856746	GCD11	GENENAME_found	SUCCESS
GPM1	YKL152C	GPM1	GPM1	853705	GPM1	GENENAME_found	SUCCESS
NMD5	YJR132W	NMD5	NMD5	853596	NMD5	GENENAME_found	SUCCESS
COP1	YDL145C	COP1	COP1	851410	COP1	GENENAME_found	SUCCESS
PRD1	YCL057W	PRD1	PRD1	850301	PRD1	GENENAME_found	SUCCESS
SLM1	YIL105C	SLM1	SLM1	854701	SLM1	GENENAME_found	SUCCESS
NUP49	YGL172W	NUP49	NUP49	852703	NUP49	GENENAME_found	SUCCESS
MRPS28	YDR337W	MRPS28	MRPS28	851937	MRPS28	GENENAME_found	SUCCESS
ADH3	YMR083W	ADH3	ADH3	855107	ADH3	GENENAME_found	SUCCESS
SRB4	YER022W	SRB4	SRB4	856743	SRB4	GENENAME_found	SUCCESS
YCF1	YDR135C	YCF1	YCF1	851713	YCF1	GENENAME_found	SUCCESS
NEO1	YIL048W	NEO1	NEO1	854763	NEO1	GENENAME_found	SUCCESS
GBP2	YCL011C	GBP2	GBP2	850346	GBP2	GENENAME_found	SUCCESS
THR4	YCR053W	THR4	THR4	850420	THR4	GENENAME_found	SUCCESS
GCV2	YMR189W	GCV2	GCV2	855227	GCV2	GENENAME_found	SUCCESS
PYC2	YBR218C	PYC2	PYC2	852519	PYC2	GENENAME_found	SUCCESS
BDP1	YNL039W	BDP1	BDP1	855689	BDP1	GENENAME_found	SUCCESS
UGP1	YKL035W	UGP1	UGP1	853830	UGP1	GENENAME_found	SUCCESS
ECM16	YMR128W	ECM16	ECM16	855158	ECM16	GENENAME_found	SUCCESS
ERG20	YJL167W	ERG20	ERG20	853272	ERG20	GENENAME_found	SUCCESS
YMR027W	YMR027W	NA	NA	855042	YMR027W	ORF_unchanged	SUCCESS
SCP1	YOR367W	SCP1	SCP1	854549	SCP1	GENENAME_found	SUCCESS
CHS3	YBR023C	CHS3	CHS3	852311	CHS3	GENENAME_found	SUCCESS
ASN1	YPR145W	ASN1	ASN1	856268	ASN1	GENENAME_found	SUCCESS
ASN2	YGR124W	ASN2	ASN2	853025	ASN2	GENENAME_found	SUCCESS
RPN12	YFR052W	RPN12	RPN12	850613	RPN12	GENENAME_found	SUCCESS
VMA10	YHR039C-A	VMA10	VMA10	856435	VMA10	GENENAME_found	SUCCESS
RPO31	YOR116C	RPO31	RPO31	854283	RPO31	GENENAME_found	SUCCESS
MSS51	YLR203C	MSS51	MSS51	850900	MSS51	GENENAME_found	SUCCESS
CPR5	YDR304C	CPR5	CPR5	851898	CPR5	GENENAME_found	SUCCESS
RPS9B	YBR189W	RPS9B	RPS9B	852487	RPS9B	GENENAME_found	SUCCESS
MEF1	YLR069C	MEF1	MEF1	850758	MEF1	GENENAME_found	SUCCESS
CDC34	YDR054C	CDC34	CDC34	851624	CDC34	GENENAME_found	SUCCESS
GPH1	YPR160W	GPH1	GPH1	856289	GPH1	GENENAME_found	SUCCESS
KRE33	YNL132W	KRE33	KRE33	855591	KRE33	GENENAME_found	SUCCESS
CHC1	YGL206C	CHC1	CHC1	852666	CHC1	GENENAME_found	SUCCESS
NAS6	YGR232W	NAS6	NAS6	853147	NAS6	GENENAME_found	SUCCESS
RKM1	YPL208W	RKM1	RKM1	855893	RKM1	GENENAME_found	SUCCESS
NUP60	YAR002W	NUP60	NUP60	851263	NUP60	GENENAME_found	SUCCESS
RPL11A;RPL11B	NA	NA	NA	NA	RPL11A;RPL11B	COMPOSITE_SUCCESS	SUCCESS
VPS74	YDR372C	VPS74	VPS74	851978	VPS74	GENENAME_found	SUCCESS
SPB4	YFL002C	SPB4	SPB4	850549	SPB4	GENENAME_found	SUCCESS
RQT4	NA	NA	NA	NA	RQT4	MANUAL_LOOKUP	SUCCESS
MET5	YJR137C	MET5	MET5	853602	MET5	GENENAME_found	SUCCESS
TIF4632	YGL049C	TIF4632	TIF4632	852833	TIF4632	GENENAME_found	SUCCESS
SSA2	YLL024C	SSA2	SSA2	850636	SSA2	GENENAME_found	SUCCESS
SSA1	YAL005C	SSA1	SSA1	851259	SSA1	GENENAME_found	SUCCESS
SRP40	YKR092C	SRP40	SRP40	853967	SRP40	GENENAME_found	SUCCESS
CIR2	YOR356W	CIR2	CIR2	854538	CIR2	GENENAME_found	SUCCESS
SSE1	YPL106C	SSE1	SSE1	855998	SSE1	GENENAME_found	SUCCESS
PIM1	YBL022C	PIM1	PIM1	852259	PIM1	GENENAME_found	SUCCESS
TRL1	YJL087C	TRL1	TRL1	853358	TRL1	GENENAME_found	SUCCESS
TRA1	YHR099W	TRA1	TRA1	856499	TRA1	GENENAME_found	SUCCESS
MSP1	YGR028W	MSP1	MSP1	852915	MSP1	GENENAME_found	SUCCESS
PHB1	YGR132C	PHB1	PHB1	853033	PHB1	GENENAME_found	SUCCESS
ARG4	YHR018C	ARG4	ARG4	856411	ARG4	GENENAME_found	SUCCESS
DBP2	YNL112W	DBP2	DBP2	855611	DBP2	GENENAME_found	SUCCESS
GNP1	YDR508C	GNP1	GNP1	852121	GNP1	GENENAME_found	SUCCESS
BNI1	YNL271C	BNI1	BNI1	855450	BNI1	GENENAME_found	SUCCESS
YFR016C	YFR016C	NA	NA	850570	YFR016C	ORF_unchanged	SUCCESS
TRP2	YER090W	TRP2	TRP2	856824	TRP2	GENENAME_found	SUCCESS
CUS1	YMR240C	CUS1	CUS1	855281	CUS1	GENENAME_found	SUCCESS
IES1	YFL013C	IES1	IES1	850534	IES1	GENENAME_found	SUCCESS
LSC1	YOR142W	LSC1	LSC1	854310	LSC1	GENENAME_found	SUCCESS
DJP1	YIR004W	DJP1	DJP1	854820	DJP1	GENENAME_found	SUCCESS
TRR1	YDR353W	TRR1	TRR1	851955	TRR1	GENENAME_found	SUCCESS
MRPL35	YDR322W	MRPL35	MRPL35	851921	MRPL35	GENENAME_found	SUCCESS
BRE1	YDL074C	BRE1	BRE1	851485	BRE1	GENENAME_found	SUCCESS
FRS1	YLR060W	FRS1	FRS1	850749	FRS1	GENENAME_found	SUCCESS
DRS2	YAL026C	DRS2	DRS2	851207	DRS2	GENENAME_found	SUCCESS
ATG7	YHR171W	ATG7	ATG7	856576	ATG7	GENENAME_found	SUCCESS
EMC1	YCL045C	EMC1	EMC1	850312	EMC1	GENENAME_found	SUCCESS
KEL1	YHR158C	KEL1	KEL1	856563	KEL1	GENENAME_found	SUCCESS
HSP82	YPL240C	HSP82	HSP82	855836	HSP82	GENENAME_found	SUCCESS
FLC2	YAL053W	FLC2	FLC2	851246	FLC2	GENENAME_found	SUCCESS
CTF4	YPR135W	CTF4	CTF4	856254	CTF4	GENENAME_found	SUCCESS
RPS7A	YOR096W	RPS7A	RPS7A	854263	RPS7A	GENENAME_found	SUCCESS
HCR1	YLR192C	HCR1	HCR1	850889	HCR1	GENENAME_found	SUCCESS
MRS6	YOR370C	MRS6	MRS6	854552	MRS6	GENENAME_found	SUCCESS
RSM26	YJR101W	RSM26	RSM26	853565	RSM26	GENENAME_found	SUCCESS
TCB2	YNL087W	TCB2	TCB2	855637	TCB2	GENENAME_found	SUCCESS
DDR48	YMR173W	DDR48	DDR48	855210	DDR48	GENENAME_found	SUCCESS
FLC1	YPL221W	FLC1	FLC1	855880	FLC1	GENENAME_found	SUCCESS
OSH7	YHR001W	OSH7	OSH7	856389	OSH7	GENENAME_found	SUCCESS
PMI40	YER003C	PMI40	PMI40	856720	PMI40	GENENAME_found	SUCCESS
SUC2	YIL162W	SUC2	SUC2	854644	SUC2	GENENAME_found	SUCCESS
YPR127W	YPR127W	NA	NA	856245	YPR127W	ORF_unchanged	SUCCESS
ATG20	YDL113C	ATG20	ATG20	851445	ATG20	GENENAME_found	SUCCESS
SRP68	YPL243W	SRP68	SRP68	855833	SRP68	GENENAME_found	SUCCESS
APL3	YBL037W	APL3	APL3	852243	APL3	GENENAME_found	SUCCESS
MMF1	YIL051C	MMF1	MMF1	854760	MMF1	GENENAME_found	SUCCESS
HMF1	YER057C	HMF1	HMF1	856785	HMF1	GENENAME_found	SUCCESS
SAC6	YDR129C	SAC6	SAC6	851707	SAC6	GENENAME_found	SUCCESS
RPL6A	YML073C	RPL6A	RPL6A	854902	RPL6A	GENENAME_found	SUCCESS
RPC37	YKR025W	RPC37	RPC37	853895	RPC37	GENENAME_found	SUCCESS
CPA2	YJR109C	CPA2	CPA2	853573	CPA2	GENENAME_found	SUCCESS
YLR345W	YLR345W	NA	NA	851059	YLR345W	ORF_unchanged	SUCCESS
MDM38	YOL027C	MDM38	MDM38	854130	MDM38	GENENAME_found	SUCCESS
MDH3	YDL078C	MDH3	MDH3	851481	MDH3	GENENAME_found	SUCCESS
NPT1	YOR209C	NPT1	NPT1	854384	NPT1	GENENAME_found	SUCCESS
DLD1	YDL174C	DLD1	DLD1	851380	DLD1	GENENAME_found	SUCCESS
MNR2	YKL064W	MNR2	MNR2	853801	MNR2	GENENAME_found	SUCCESS
ACO2	YJL200C	ACO2	ACO2	853230	ACO2	GENENAME_found	SUCCESS
SSD1	YDR293C	SSD1	SSD1	851887	SSD1	GENENAME_found	SUCCESS
PYK2	YOR347C	PYK2	PYK2	854529	PYK2	GENENAME_found	SUCCESS
TRX2	YGR209C	TRX2	TRX2	853123	TRX2	GENENAME_found	SUCCESS
ECM4	YKR076W	ECM4	ECM4	853951	ECM4	GENENAME_found	SUCCESS
RTN2	YDL204W	RTN2	RTN2	851323	RTN2	GENENAME_found	SUCCESS
PAM16	YJL104W	PAM16	PAM16	853340	PAM16	GENENAME_found	SUCCESS
PAP2	YOL115W	PAP2	PAP2	854034	PAP2	GENENAME_found	SUCCESS
ALG2	YGL065C	ALG2	ALG2	852815	ALG2	GENENAME_found	SUCCESS
ACH1	YBL015W	ACH1	ACH1	852266	ACH1	GENENAME_found	SUCCESS
SEC61	YLR378C	SEC61	SEC61	851095	SEC61	GENENAME_found	SUCCESS
CMK1	YFR014C	CMK1	CMK1	850568	CMK1	GENENAME_found	SUCCESS
YRA2	YKL214C	YRA2	YRA2	853666	YRA2	GENENAME_found	SUCCESS
REB1	YBR049C	REB1	REB1	852338	REB1	GENENAME_found	SUCCESS
TPS3	YMR261C	TPS3	TPS3	855303	TPS3	GENENAME_found	SUCCESS
TSL1	YML100W	TSL1	TSL1	854872	TSL1	GENENAME_found	SUCCESS
ADE16	YLR028C	ADE16	ADE16	850715	ADE16	GENENAME_found	SUCCESS
SPP41	YDR464W	SPP41	SPP41	852075	SPP41	GENENAME_found	SUCCESS
BRE2	YLR015W	BRE2	BRE2	850702	BRE2	GENENAME_found	SUCCESS
HEM4	YOR278W	HEM4	HEM4	854452	HEM4	GENENAME_found	SUCCESS
TPS2	YDR074W	TPS2	TPS2	851646	TPS2	GENENAME_found	SUCCESS
TOP2	YNL088W	TOP2	TOP2	855636	TOP2	GENENAME_found	SUCCESS
HLJ1	YMR161W	HLJ1	HLJ1	855196	HLJ1	GENENAME_found	SUCCESS
RAV1	YJR033C	RAV1	RAV1	853490	RAV1	GENENAME_found	SUCCESS
CDC37	YDR168W	CDC37	CDC37	851746	CDC37	GENENAME_found	SUCCESS
ROT2	YBR229C	ROT2	ROT2	852530	ROT2	GENENAME_found	SUCCESS
RAT1	YOR048C	RAT1	RAT1	854213	RAT1	GENENAME_found	SUCCESS
MGM101	YJR144W	MGM101	MGM101	853609	MGM101	GENENAME_found	SUCCESS
YKL033W-A	YKL033W-A	NA	NA	853833	YKL033W-A	ORF_unchanged	SUCCESS
YHR020W	YHR020W	NA	NA	856413	YHR020W	ORF_unchanged	SUCCESS
ALR1	YOL130W	ALR1	ALR1	853990	ALR1	GENENAME_found	SUCCESS
CIT2	YCR005C	CIT2	CIT2	850361	CIT2	GENENAME_found	SUCCESS
PHO85	YPL031C	PHO85	PHO85	856076	PHO85	GENENAME_found	SUCCESS
VTS1	YOR359W	VTS1	VTS1	854541	VTS1	GENENAME_found	SUCCESS
MRPL36	YBR122C	MRPL36	MRPL36	852419	MRPL36	GENENAME_found	SUCCESS
MED7	YOL135C	MED7	MED7	853985	MED7	GENENAME_found	SUCCESS
ALD6	YPL061W	ALD6	ALD6	856044	ALD6	GENENAME_found	SUCCESS
HEM1	YDR232W	HEM1	HEM1	851818	HEM1	GENENAME_found	SUCCESS
NOC2	YOR206W	NOC2	NOC2	854381	NOC2	GENENAME_found	SUCCESS
TUB1	YML085C	TUB1	TUB1	854889	TUB1	GENENAME_found	SUCCESS
FKH2	YNL068C	FKH2	FKH2	855656	FKH2	GENENAME_found	SUCCESS
CBP3	YPL215W	CBP3	CBP3	855886	CBP3	GENENAME_found	SUCCESS
SHM2	YLR058C	SHM2	SHM2	850747	SHM2	GENENAME_found	SUCCESS
YLR419W	YLR419W	NA	NA	851137	YLR419W	ORF_unchanged	SUCCESS
FRA1	YLL029W	FRA1	FRA1	850630	FRA1	GENENAME_found	SUCCESS
YJR098C	YJR098C	NA	NA	853561	YJR098C	ORF_unchanged	SUCCESS
NAF1	YNL124W	NAF1	NAF1	855599	NAF1	GENENAME_found	SUCCESS
SRP54	YPR088C	SRP54	SRP54	856203	SRP54	GENENAME_found	SUCCESS
FOL1	YNL256W	FOL1	FOL1	855465	FOL1	GENENAME_found	SUCCESS
YHI9	YHR029C	YHI9	YHI9	856424	YHI9	GENENAME_found	SUCCESS
GTR2	YGR163W	GTR2	GTR2	853072	GTR2	GENENAME_found	SUCCESS
YJU3	YKL094W	YJU3	YJU3	853768	YJU3	GENENAME_found	SUCCESS
RPL34B	YIL052C	RPL34B	RPL34B	854759	RPL34B	GENENAME_found	SUCCESS
TSC13	YDL015C	TSC13	TSC13	851547	TSC13	GENENAME_found	SUCCESS
RPN7	YPR108W	RPN7	RPN7	856223	RPN7	GENENAME_found	SUCCESS
GRS2	YPR081C	GRS2	GRS2	856196	GRS2	GENENAME_found	SUCCESS
GFA1	YKL104C	GFA1	GFA1	853757	GFA1	GENENAME_found	SUCCESS
ENP1	YBR247C	ENP1	ENP1	852549	ENP1	GENENAME_found	SUCCESS
GLC3	YEL011W	GLC3	GLC3	856705	GLC3	GENENAME_found	SUCCESS
RSP5	YER125W	RSP5	RSP5	856862	RSP5	GENENAME_found	SUCCESS
MYO3	YKL129C	MYO3	MYO3	853729	MYO3	GENENAME_found	SUCCESS
DIS3	YOL021C	DIS3	DIS3	854138	DIS3	GENENAME_found	SUCCESS
DLD2	YDL178W	DLD2	DLD2	851376	DLD2	GENENAME_found	SUCCESS
LSB3	YFR024C-A	LSB3	LSB3	850580	LSB3	GENENAME_found	SUCCESS
RET2	YFR051C	RET2	RET2	850612	RET2	GENENAME_found	SUCCESS
PCT1	YGR202C	PCT1	PCT1	853116	PCT1	GENENAME_found	SUCCESS
RSC58	YLR033W	RSC58	RSC58	850720	RSC58	GENENAME_found	SUCCESS
MIC10	YCL057C-A	MIC10	MIC10	850300	MIC10	GENENAME_found	SUCCESS
SEC3	YER008C	SEC3	SEC3	856726	SEC3	GENENAME_found	SUCCESS
OST3	YOR085W	OST3	OST3	854252	OST3	GENENAME_found	SUCCESS
CDC31	YOR257W	CDC31	CDC31	854431	CDC31	GENENAME_found	SUCCESS
MLC1	YGL106W	MLC1	MLC1	852772	MLC1	GENENAME_found	SUCCESS
GPB2	YAL056W	GPB2	GPB2	851243	GPB2	GENENAME_found	SUCCESS
TOM1	YDR457W	TOM1	TOM1	852068	TOM1	GENENAME_found	SUCCESS
PTC4	YBR125C	PTC4	PTC4	852422	PTC4	GENENAME_found	SUCCESS
AAH1	YNL141W	AAH1	AAH1	855581	AAH1	GENENAME_found	SUCCESS
HEM15	YOR176W	HEM15	HEM15	854347	HEM15	GENENAME_found	SUCCESS
GAD1	YMR250W	GAD1	GAD1	855291	GAD1	GENENAME_found	SUCCESS
PDR1	YGL013C	PDR1	PDR1	852871	PDR1	GENENAME_found	SUCCESS
HAL5	YJL165C	HAL5	HAL5	853274	HAL5	GENENAME_found	SUCCESS
YGL140C	YGL140C	NA	NA	852737	YGL140C	ORF_unchanged	SUCCESS
ALD4	YOR374W	ALD4	ALD4	854556	ALD4	GENENAME_found	SUCCESS
HOM6	YJR139C	HOM6	HOM6	853604	HOM6	GENENAME_found	SUCCESS
SYG1	YIL047C	SYG1	SYG1	854764	SYG1	GENENAME_found	SUCCESS
YPL067C	YPL067C	NA	NA	856038	YPL067C	ORF_unchanged	SUCCESS
RRB1	YMR131C	RRB1	RRB1	855161	RRB1	GENENAME_found	SUCCESS
RLI1	YDR091C	RLI1	RLI1	851665	RLI1	GENENAME_found	SUCCESS
BNA4	YBL098W	BNA4	BNA4	852179	BNA4	GENENAME_found	SUCCESS
YCL012C	YCL012C	NA	NA	2746859	YCL012C	ORF_unchanged	SUCCESS
AAP1	YHR047C	AAP1	AAP1	856443	AAP1	GENENAME_found	SUCCESS
ATG26	YLR189C	ATG26	ATG26	850886	ATG26	GENENAME_found	SUCCESS
TYW1	YPL207W	TYW1	TYW1	855894	TYW1	GENENAME_found	SUCCESS
DDI1	YER143W	DDI1	DDI1	856886	DDI1	GENENAME_found	SUCCESS
MET12	YPL023C	MET12	MET12	856084	MET12	GENENAME_found	SUCCESS
MTR10	YOR160W	MTR10	MTR10	854331	MTR10	GENENAME_found	SUCCESS
ADE57	NA	NA	NA	NA	ADE5,7	MANUAL_LOOKUP	SUCCESS
YAR1	YPL239W	YAR1	YAR1	855837	YAR1	GENENAME_found	SUCCESS
VHC1	YBR235W	VHC1	VHC1	852537	VHC1	GENENAME_found	SUCCESS
SAP190	YKR028W	SAP190	SAP190	853899	SAP190	GENENAME_found	SUCCESS
PST2	YDR032C	PST2	PST2	851596	PST2	GENENAME_found	SUCCESS
YJL068C	YJL068C	NA	NA	853377	YJL068C	ORF_unchanged	SUCCESS
MCM6	YGL201C	MCM6	MCM6	852673	MCM6	GENENAME_found	SUCCESS
RFS1	YBR052C	RFS1	RFS1	852341	RFS1	GENENAME_found	SUCCESS
UBP15	YMR304W	UBP15	UBP15	855350	UBP15	GENENAME_found	SUCCESS
ALG9	YNL219C	ALG9	ALG9	855502	ALG9	GENENAME_found	SUCCESS
URA1	YKL216W	URA1	URA1	853664	URA1	GENENAME_found	SUCCESS
HEM2	YGL040C	HEM2	HEM2	852842	HEM2	GENENAME_found	SUCCESS
RPA135	YPR010C	RPA135	RPA135	856119	RPA135	GENENAME_found	SUCCESS
ARG5,6	YER069W	ARG5,6	ARG5,6	856800	ARG5,6	GENENAME_found	SUCCESS
RPE1	YJL121C	RPE1	RPE1	853322	RPE1	GENENAME_found	SUCCESS
VRP1	YLR337C	VRP1	VRP1	851051	VRP1	GENENAME_found	SUCCESS
GND1	YHR183W	GND1	GND1	856589	GND1	GENENAME_found	SUCCESS
GND2	YGR256W	GND2	GND2	853172	GND2	GENENAME_found	SUCCESS
RPP0	YLR340W	RPP0	RPP0	851052	RPP0	GENENAME_found	SUCCESS
TRM3	YDL112W	TRM3	TRM3	851446	TRM3	GENENAME_found	SUCCESS
AFG2	YLR397C	AFG2	AFG2	851113	AFG2	GENENAME_found	SUCCESS
RPO21	YDL140C	RPO21	RPO21	851415	RPO21	GENENAME_found	SUCCESS
YBT1	YLL048C	YBT1	YBT1	850678	YBT1	GENENAME_found	SUCCESS
TCB3	YML072C	TCB3	TCB3	854903	TCB3	GENENAME_found	SUCCESS
TCO89	YPL180W	TCO89	TCO89	855922	TCO89	GENENAME_found	SUCCESS
RNH70	YGR276C	RNH70	RNH70	853193	RNH70	GENENAME_found	SUCCESS
NCB2	YDR397C	NCB2	NCB2	852006	NCB2	GENENAME_found	SUCCESS
COT1	YOR316C	COT1	COT1	854494	COT1	GENENAME_found	SUCCESS
RRP5	YMR229C	RRP5	RRP5	855269	RRP5	GENENAME_found	SUCCESS
GET4	YOR164C	GET4	GET4	854335	GET4	GENENAME_found	SUCCESS
LIP5	YOR196C	LIP5	LIP5	854371	LIP5	GENENAME_found	SUCCESS
CHS2	YBR038W	CHS2	CHS2	852326	CHS2	GENENAME_found	SUCCESS
YNL247W	YNL247W	NA	NA	855474	YNL247W	ORF_unchanged	SUCCESS
PYP1	NA	NA	NA	NA	PYP1	MANUAL_LOOKUP	SUCCESS
FUR1	YHR128W	FUR1	FUR1	856529	FUR1	GENENAME_found	SUCCESS
HOS3	YPL116W	HOS3	HOS3	855987	HOS3	GENENAME_found	SUCCESS
ARP5	YNL059C	ARP5	ARP5	855665	ARP5	GENENAME_found	SUCCESS
PRE7	YBL041W	PRE7	PRE7	852239	PRE7	GENENAME_found	SUCCESS
RPL18A;RPL18B	NA	NA	NA	NA	RPL18A;RPL18B	COMPOSITE_SUCCESS	SUCCESS
ALA1	YOR335C	ALA1	ALA1	854513	ALA1	GENENAME_found	SUCCESS
VAC8	YEL013W	VAC8	VAC8	856702	VAC8	GENENAME_found	SUCCESS
RRP45	YDR280W	RRP45	RRP45	851874	RRP45	GENENAME_found	SUCCESS
PUT2	YHR037W	PUT2	PUT2	856432	PUT2	GENENAME_found	SUCCESS
YOL098C	YOL098C	SDD3	SDD3	854055	SDD3	ORF_to_GENENAME	SUCCESS
YNR034W-A	YNR034W-A	EGO4	EGO4	855770	EGO4	ORF_to_GENENAME	SUCCESS
RIB4	YOL143C	RIB4	RIB4	854022	RIB4	GENENAME_found	SUCCESS
SWI6	YLR182W	SWI6	SWI6	850879	SWI6	GENENAME_found	SUCCESS
REE1	YJL217W	REE1	REE1	853238	REE1	GENENAME_found	SUCCESS
MSH2	YOL090W	MSH2	MSH2	854063	MSH2	GENENAME_found	SUCCESS
MCM3	YEL032W	MCM3	MCM3	856680	MCM3	GENENAME_found	SUCCESS
MRPS16	YPL013C	MRPS16	MRPS16	856094	MRPS16	GENENAME_found	SUCCESS
MCM7	YBR202W	MCM7	MCM7	852501	MCM7	GENENAME_found	SUCCESS
ERG6	YML008C	ERG6	ERG6	855003	ERG6	GENENAME_found	SUCCESS
ATP15	YPL271W	ATP15	ATP15	855857	ATP15	GENENAME_found	SUCCESS
MCM5	YLR274W	MCM5	MCM5	850980	MCM5	GENENAME_found	SUCCESS
SLY1	YDR189W	SLY1	SLY1	851770	SLY1	GENENAME_found	SUCCESS
LYS9	YNR050C	LYS9	LYS9	855786	LYS9	GENENAME_found	SUCCESS
OLA1	YBR025C	OLA1	OLA1	852313	OLA1	GENENAME_found	SUCCESS
MCM2	YBL023C	MCM2	MCM2	852258	MCM2	GENENAME_found	SUCCESS
YMR315W	YMR315W	NA	NA	855363	YMR315W	ORF_unchanged	SUCCESS
SPF1	YEL031W	SPF1	SPF1	856681	SPF1	GENENAME_found	SUCCESS
RTS2	YOR077W	RTS2	RTS2	854244	RTS2	GENENAME_found	SUCCESS
PRT1	YOR361C	PRT1	PRT1	854543	PRT1	GENENAME_found	SUCCESS
RPL2A;RPL2B	NA	NA	NA	NA	RPL2A;RPL2B	COMPOSITE_SUCCESS	SUCCESS
SPB1	YCL054W	SPB1	SPB1	850304	SPB1	GENENAME_found	SUCCESS
RPL31A	YDL075W	RPL31A	RPL31A	851484	RPL31A	GENENAME_found	SUCCESS
GPX2	YBR244W	GPX2	GPX2	852546	GPX2	GENENAME_found	SUCCESS
CPR3	YML078W	CPR3	CPR3	854897	CPR3	GENENAME_found	SUCCESS
SMC1	YFL008W	SMC1	SMC1	850540	SMC1	GENENAME_found	SUCCESS
SWC5	YBR231C	SWC5	SWC5	852532	SWC5	GENENAME_found	SUCCESS
HIS7	YBR248C	HIS7	HIS7	852550	HIS7	GENENAME_found	SUCCESS
XPT1	YJR133W	XPT1	XPT1	853597	XPT1	GENENAME_found	SUCCESS
HTZ1	YOL012C	HTZ1	HTZ1	854150	HTZ1	GENENAME_found	SUCCESS
PUP1	YOR157C	PUP1	PUP1	854328	PUP1	GENENAME_found	SUCCESS
HTA1;HTA2	NA	NA	NA	NA	HTA1;HTA2	COMPOSITE_SUCCESS	SUCCESS
DBP10	YDL031W	DBP10	DBP10	851530	DBP10	GENENAME_found	SUCCESS
LEU1	YGL009C	LEU1	LEU1	852875	LEU1	GENENAME_found	SUCCESS
RPL3	YOR063W	RPL3	RPL3	854229	RPL3	GENENAME_found	SUCCESS
BIK1	YCL029C	BIK1	BIK1	850328	BIK1	GENENAME_found	SUCCESS
SEC9	YGR009C	SEC9	SEC9	852892	SEC9	GENENAME_found	SUCCESS
OYE2	YHR179W	OYE2	OYE2	856584	OYE2	GENENAME_found	SUCCESS
OYE3	YPL171C	OYE3	OYE3	855932	OYE3	GENENAME_found	SUCCESS
DMA2	YNL116W	DMA2	DMA2	855607	DMA2	GENENAME_found	SUCCESS
YLR287C	YLR287C	NA	NA	850993	YLR287C	ORF_unchanged	SUCCESS
CLA4	YNL298W	CLA4	CLA4	855418	CLA4	GENENAME_found	SUCCESS
DBP3	YGL078C	DBP3	DBP3	852802	DBP3	GENENAME_found	SUCCESS
ACS2	YLR153C	ACS2	ACS2	850846	ACS2	GENENAME_found	SUCCESS
POL1	YNL102W	POL1	POL1	855621	POL1	GENENAME_found	SUCCESS
SLH1	YGR271W	SLH1	SLH1	853187	SLH1	GENENAME_found	SUCCESS
ATG19	YOL082W	ATG19	ATG19	854072	ATG19	GENENAME_found	SUCCESS
RTG3	YBL103C	RTG3	RTG3	852171	RTG3	GENENAME_found	SUCCESS
HRP1	YOL123W	HRP1	HRP1	853997	HRP1	GENENAME_found	SUCCESS
RDH54	YBR073W	RDH54	RDH54	852365	RDH54	GENENAME_found	SUCCESS
EGD1	YPL037C	EGD1	EGD1	856070	EGD1	GENENAME_found	SUCCESS
GDB1	YPR184W	GDB1	GDB1	856314	GDB1	GENENAME_found	SUCCESS
APM4	YOL062C	APM4	APM4	854092	APM4	GENENAME_found	SUCCESS
GCD2	YGR083C	GCD2	GCD2	852974	GCD2	GENENAME_found	SUCCESS
HIT1	YJR055W	HIT1	HIT1	853516	HIT1	GENENAME_found	SUCCESS
NQM1	YGR043C	NQM1	NQM1	852934	NQM1	GENENAME_found	SUCCESS
UBX4	YMR067C	UBX4	UBX4	855089	UBX4	GENENAME_found	SUCCESS
PBN1	YCL052C	PBN1	PBN1	850305	PBN1	GENENAME_found	SUCCESS
TCB1	YOR086C	TCB1	TCB1	854253	TCB1	GENENAME_found	SUCCESS
ALD3	YMR169C	ALD3	ALD3	855205	ALD3	GENENAME_found	SUCCESS
ALD5	YER073W	ALD5	ALD5	856804	ALD5	GENENAME_found	SUCCESS
PRE5	YMR314W	PRE5	PRE5	855362	PRE5	GENENAME_found	SUCCESS
PAN5	YHR063C	PAN5	PAN5	856460	PAN5	GENENAME_found	SUCCESS
RPL35A;RPL35B	NA	NA	NA	NA	RPL35A;RPL35B	COMPOSITE_SUCCESS	SUCCESS
RPT1	YKL145W	RPT1	RPT1	853712	RPT1	GENENAME_found	SUCCESS
RPS19B	YNL302C	RPS19B	RPS19B	855414	RPS19B	GENENAME_found	SUCCESS
RET1	YOR207C	RET1	RET1	854382	RET1	GENENAME_found	SUCCESS
SNF5	YBR289W	SNF5	SNF5	852592	SNF5	GENENAME_found	SUCCESS
ECM1	YAL059W	ECM1	ECM1	851240	ECM1	GENENAME_found	SUCCESS
GID7	YCL039W	GID7	GID7	850318	GID7	GENENAME_found	SUCCESS
YPR1	YDR368W	YPR1	YPR1	851974	YPR1	GENENAME_found	SUCCESS
ARI1	YGL157W	ARI1	ARI1	852720	ARI1	GENENAME_found	SUCCESS
BEM2	YER155C	BEM2	BEM2	856899	BEM2	GENENAME_found	SUCCESS
ATG18	YFR021W	ATG18	ATG18	850577	ATG18	GENENAME_found	SUCCESS
WHI2	YOR043W	WHI2	WHI2	854208	WHI2	GENENAME_found	SUCCESS
PDX3	YBR035C	PDX3	PDX3	852323	PDX3	GENENAME_found	SUCCESS
XRN1	YGL173C	XRN1	XRN1	852702	XRN1	GENENAME_found	SUCCESS
YBR225W	YBR225W	NA	NA	852526	YBR225W	ORF_unchanged	SUCCESS
SEH1	YGL100W	SEH1	SEH1	852778	SEH1	GENENAME_found	SUCCESS
MLP2	YIL149C	MLP2	MLP2	854657	MLP2	GENENAME_found	SUCCESS
RPL20A;RPL20B	NA	NA	NA	NA	RPL20A;RPL20B	COMPOSITE_SUCCESS	SUCCESS
ESF1	YDR365C	ESF1	ESF1	851969	ESF1	GENENAME_found	SUCCESS
NRP1	YDL167C	NRP1	NRP1	851387	NRP1	GENENAME_found	SUCCESS
SIM1	YIL123W	SIM1	SIM1	854683	SIM1	GENENAME_found	SUCCESS
ENA1	YDR040C	ENA1	ENA1	851610	ENA1	GENENAME_found	SUCCESS
ATP2	YJR121W	ATP2	ATP2	853585	ATP2	GENENAME_found	SUCCESS
PSA1	YDL055C	PSA1	PSA1	851504	PSA1	GENENAME_found	SUCCESS
GAA1	YLR088W	GAA1	GAA1	850777	GAA1	GENENAME_found	SUCCESS
KGD1	YIL125W	KGD1	KGD1	854681	KGD1	GENENAME_found	SUCCESS
LCB1	YMR296C	LCB1	LCB1	855342	LCB1	GENENAME_found	SUCCESS
HSU1	NA	NA	NA	NA	HSU1	MANUAL_LOOKUP	SUCCESS
FZO1	YBR179C	FZO1	FZO1	852477	FZO1	GENENAME_found	SUCCESS
ERG1	YGR175C	ERG1	ERG1	853086	ERG1	GENENAME_found	SUCCESS
ADE12	YNL220W	ADE12	ADE12	855501	ADE12	GENENAME_found	SUCCESS
ALG5	YPL227C	ALG5	ALG5	855874	ALG5	GENENAME_found	SUCCESS
PPZ1	YML016C	PPZ1	PPZ1	854992	PPZ1	GENENAME_found	SUCCESS
PNC1	YGL037C	PNC1	PNC1	852846	PNC1	GENENAME_found	SUCCESS
MRPS8	YMR158W	MRPS8	MRPS8	855190	MRPS8	GENENAME_found	SUCCESS
TY1A-BL	NA	NA	NA	NA	TY1A-BL	TRANSPOSON	SUCCESS
TY1B-NL1	NA	NA	NA	NA	TY1B-NL1	TRANSPOSON	SUCCESS
TAO3	YIL129C	TAO3	TAO3	854677	TAO3	GENENAME_found	SUCCESS
SIT4	YDL047W	SIT4	SIT4	851513	SIT4	GENENAME_found	SUCCESS
QCR7	YDR529C	QCR7	QCR7	852142	QCR7	GENENAME_found	SUCCESS
TRM8	YDL201W	TRM8	TRM8	851326	TRM8	GENENAME_found	SUCCESS
NUP100	YKL068W	NUP100	NUP100	853796	NUP100	GENENAME_found	SUCCESS
OXP1	YKL215C	OXP1	OXP1	853665	OXP1	GENENAME_found	SUCCESS
ARG1	YOL058W	ARG1	ARG1	854096	ARG1	GENENAME_found	SUCCESS
GLY1	YEL046C	GLY1	GLY1	856665	GLY1	GENENAME_found	SUCCESS
ECM14	YHR132C	ECM14	ECM14	856533	ECM14	GENENAME_found	SUCCESS
MYO1	YHR023W	MYO1	MYO1	856418	MYO1	GENENAME_found	SUCCESS
BFR2	YDR299W	BFR2	BFR2	851893	BFR2	GENENAME_found	SUCCESS
NIC96	YFR002W	NIC96	NIC96	850552	NIC96	GENENAME_found	SUCCESS
YMR178W	YMR178W	NA	NA	855216	YMR178W	ORF_unchanged	SUCCESS
ERG26	YGL001C	ERG26	ERG26	852883	ERG26	GENENAME_found	SUCCESS
NOP14	YDL148C	NOP14	NOP14	851407	NOP14	GENENAME_found	SUCCESS
OM45	YIL136W	OM45	OM45	854670	OM45	GENENAME_found	SUCCESS
MOD5	YOR274W	MOD5	MOD5	854448	MOD5	GENENAME_found	SUCCESS
PBY1	YBR094W	PBY1	PBY1	852391	PBY1	GENENAME_found	SUCCESS
CBR1	YIL043C	CBR1	CBR1	854768	CBR1	GENENAME_found	SUCCESS
HDA2	YDR295C	HDA2	HDA2	851889	HDA2	GENENAME_found	SUCCESS
YHR112C	YHR112C	NA	NA	856512	YHR112C	ORF_unchanged	SUCCESS
STO1	YMR125W	STO1	STO1	855155	STO1	GENENAME_found	SUCCESS
KRE6	YPR159W	KRE6	KRE6	856287	KRE6	GENENAME_found	SUCCESS
CCL1	YPR025C	CCL1	CCL1	856136	CCL1	GENENAME_found	SUCCESS
DUF1	YOL087C	DUF1	DUF1	854066	DUF1	GENENAME_found	SUCCESS
SOD2	YHR008C	SOD2	SOD2	856399	SOD2	GENENAME_found	SUCCESS
PHO87	YCR037C	PHO87	PHO87	850403	PHO87	GENENAME_found	SUCCESS
PRP6	YBR055C	PRP6	PRP6	852344	PRP6	GENENAME_found	SUCCESS
PRP28	YDR243C	PRP28	PRP28	851830	PRP28	GENENAME_found	SUCCESS
ACO1	YLR304C	ACO1	ACO1	851013	ACO1	GENENAME_found	SUCCESS
GTS1	YGL181W	GTS1	GTS1	852694	GTS1	GENENAME_found	SUCCESS
GRX5	YPL059W	GRX5	GRX5	856048	GRX5	GENENAME_found	SUCCESS
RBG1	YAL036C	RBG1	RBG1	851195	RBG1	GENENAME_found	SUCCESS
STH1	YIL126W	STH1	STH1	854680	STH1	GENENAME_found	SUCCESS
RBG2	YGR173W	RBG2	RBG2	853083	RBG2	GENENAME_found	SUCCESS
FUM1	YPL262W	FUM1	FUM1	855866	FUM1	GENENAME_found	SUCCESS
ERV25	YML012W	ERV25	ERV25	854997	ERV25	GENENAME_found	SUCCESS
TOM70	YNL121C	TOM70	TOM70	855602	TOM70	GENENAME_found	SUCCESS
ADK1	YDR226W	ADK1	ADK1	851812	ADK1	GENENAME_found	SUCCESS
UBP2	YOR124C	UBP2	UBP2	854291	UBP2	GENENAME_found	SUCCESS
CWH41	YGL027C	CWH41	CWH41	852857	CWH41	GENENAME_found	SUCCESS
CTR9	YOL145C	CTR9	CTR9	854020	CTR9	GENENAME_found	SUCCESS
PUF3	YLL013C	PUF3	PUF3	850647	PUF3	GENENAME_found	SUCCESS
LIA1	YJR070C	LIA1	LIA1	853534	LIA1	GENENAME_found	SUCCESS
LEU4	YNL104C	LEU4	LEU4	855619	LEU4	GENENAME_found	SUCCESS
POM152	YMR129W	POM152	POM152	855159	POM152	GENENAME_found	SUCCESS
RFC5	YBR087W	RFC5	RFC5	852383	RFC5	GENENAME_found	SUCCESS
ATG8	YBL078C	ATG8	ATG8	852200	ATG8	GENENAME_found	SUCCESS
FAA1	YOR317W	FAA1	FAA1	854495	FAA1	GENENAME_found	SUCCESS
SPT23	YKL020C	SPT23	SPT23	853848	SPT23	GENENAME_found	SUCCESS
PTC3	YBL056W	PTC3	PTC3	852224	PTC3	GENENAME_found	SUCCESS
PUP2	YGR253C	PUP2	PUP2	853168	PUP2	GENENAME_found	SUCCESS
CIT1	YNR001C	CIT1	CIT1	855732	CIT1	GENENAME_found	SUCCESS
SUP35	YDR172W	SUP35	SUP35	851752	SUP35	GENENAME_found	SUCCESS
CYS3	YAL012W	CYS3	CYS3	851221	CYS3	GENENAME_found	SUCCESS
COG4	YPR105C	COG4	COG4	856220	COG4	GENENAME_found	SUCCESS
YCK3	YER123W	YCK3	YCK3	856860	YCK3	GENENAME_found	SUCCESS
BDH1	YAL060W	BDH1	BDH1	851239	BDH1	GENENAME_found	SUCCESS
MSS116	YDR194C	MSS116	MSS116	851775	MSS116	GENENAME_found	SUCCESS
TRE1	YPL176C	TRE1	TRE1	855927	TRE1	GENENAME_found	SUCCESS
LAA1	YJL207C	LAA1	LAA1	853223	LAA1	GENENAME_found	SUCCESS
MTC5	YDR128W	MTC5	MTC5	851706	MTC5	GENENAME_found	SUCCESS
YFR006W	YFR006W	NA	NA	850556	YFR006W	ORF_unchanged	SUCCESS
MNN9	YPL050C	MNN9	MNN9	856057	MNN9	GENENAME_found	SUCCESS
LYS20	YDL182W	LYS20	LYS20	851346	LYS20	GENENAME_found	SUCCESS
UTP20	YBL004W	UTP20	UTP20	852282	UTP20	GENENAME_found	SUCCESS
NOP56	YLR197W	NOP56	NOP56	850894	NOP56	GENENAME_found	SUCCESS
SSU72	YNL222W	SSU72	SSU72	855499	SSU72	GENENAME_found	SUCCESS
RPP2A	YOL039W	RPP2A	RPP2A	854118	RPP2A	GENENAME_found	SUCCESS
RVB1	YDR190C	RVB1	RVB1	851771	RVB1	GENENAME_found	SUCCESS
RIB1	YBL033C	RIB1	RIB1	852247	RIB1	GENENAME_found	SUCCESS
TAH11	YJR046W	TAH11	TAH11	853504	TAH11	GENENAME_found	SUCCESS
TYW3	YGL050W	TYW3	TYW3	852832	TYW3	GENENAME_found	SUCCESS
YGR250C	YGR250C	RIE1	RIE1	853165	RIE1	ORF_to_GENENAME	SUCCESS
ASG1	YIL130W	ASG1	ASG1	854676	ASG1	GENENAME_found	SUCCESS
YTM1	YOR272W	YTM1	YTM1	854446	YTM1	GENENAME_found	SUCCESS
TOP1	YOL006C	TOP1	TOP1	854156	TOP1	GENENAME_found	SUCCESS
SAM4	YPL273W	SAM4	SAM4	855855	SAM4	GENENAME_found	SUCCESS
LCB4	YOR171C	LCB4	LCB4	854342	LCB4	GENENAME_found	SUCCESS
PWP2	YCR057C	PWP2	PWP2	850422	PWP2	GENENAME_found	SUCCESS
NIP1	YMR309C	NIP1	NIP1	855357	NIP1	GENENAME_found	SUCCESS
SOL4	YGR248W	SOL4	SOL4	853163	SOL4	GENENAME_found	SUCCESS
TUB4	YLR212C	TUB4	TUB4	850909	TUB4	GENENAME_found	SUCCESS
RIM15	YFL033C	RIM15	RIM15	850511	RIM15	GENENAME_found	SUCCESS
HMG1	YML075C	HMG1	HMG1	854900	HMG1	GENENAME_found	SUCCESS
TCD1	YHR003C	TCD1	TCD1	856392	TCD1	GENENAME_found	SUCCESS
UBP13	YBL067C	UBP13	UBP13	852212	UBP13	GENENAME_found	SUCCESS
MSH6	YDR097C	MSH6	MSH6	851671	MSH6	GENENAME_found	SUCCESS
CDC9	YDL164C	CDC9	CDC9	851391	CDC9	GENENAME_found	SUCCESS
SPA2	YLL021W	SPA2	SPA2	850639	SPA2	GENENAME_found	SUCCESS
SHP1	YBL058W	SHP1	SHP1	852222	SHP1	GENENAME_found	SUCCESS
SAS10	YDL153C	SAS10	SAS10	851403	SAS10	GENENAME_found	SUCCESS
NIT2	YJL126W	NIT2	NIT2	853316	NIT2	GENENAME_found	SUCCESS
RPL17A	YKL180W	RPL17A	RPL17A	853674	RPL17A	GENENAME_found	SUCCESS
RPS21B	YJL136C	RPS21B	RPS21B	853305	RPS21B	GENENAME_found	SUCCESS
ARO2	YGL148W	ARO2	ARO2	852729	ARO2	GENENAME_found	SUCCESS
TFG1	YGR186W	TFG1	TFG1	853098	TFG1	GENENAME_found	SUCCESS
AIM9	YER080W	AIM9	AIM9	856813	AIM9	GENENAME_found	SUCCESS
NUP53	YMR153W	NUP53	NUP53	855184	NUP53	GENENAME_found	SUCCESS
RRP3	YHR065C	RRP3	RRP3	856462	RRP3	GENENAME_found	SUCCESS
GPI16	YHR188C	GPI16	GPI16	856595	GPI16	GENENAME_found	SUCCESS
MPM1	YJL066C	MPM1	MPM1	853379	MPM1	GENENAME_found	SUCCESS
NPR1	YNL183C	NPR1	NPR1	855538	NPR1	GENENAME_found	SUCCESS
POL2	YNL262W	POL2	POL2	855459	POL2	GENENAME_found	SUCCESS
BBC1	YJL020C	BBC1	BBC1	853433	BBC1	GENENAME_found	SUCCESS
APL2	YKL135C	APL2	APL2	853723	APL2	GENENAME_found	SUCCESS
ENV9	YOR246C	ENV9	ENV9	854420	ENV9	GENENAME_found	SUCCESS
ABF2	YMR072W	ABF2	ABF2	855094	ABF2	GENENAME_found	SUCCESS
HSP78	YDR258C	HSP78	HSP78	851845	HSP78	GENENAME_found	SUCCESS
SEC31	YDL195W	SEC31	SEC31	851332	SEC31	GENENAME_found	SUCCESS
RPS1B	YML063W	RPS1B	RPS1B	854939	RPS1B	GENENAME_found	SUCCESS
AIM21	YIR003W	AIM21	AIM21	854819	AIM21	GENENAME_found	SUCCESS
AOS1	YPR180W	AOS1	AOS1	856310	AOS1	GENENAME_found	SUCCESS
ERG11	YHR007C	ERG11	ERG11	856398	ERG11	GENENAME_found	SUCCESS
TAF1	YGR274C	TAF1	TAF1	853191	TAF1	GENENAME_found	SUCCESS
RPN9	YDR427W	RPN9	RPN9	852037	RPN9	GENENAME_found	SUCCESS
PTH2	YBL057C	PTH2	PTH2	852223	PTH2	GENENAME_found	SUCCESS
THO2	YNL139C	THO2	THO2	855583	THO2	GENENAME_found	SUCCESS
NGL2	YMR285C	NGL2	NGL2	855329	NGL2	GENENAME_found	SUCCESS
BNA7	YDR428C	BNA7	BNA7	852038	BNA7	GENENAME_found	SUCCESS
YPT52	YKR014C	YPT52	YPT52	853884	YPT52	GENENAME_found	SUCCESS
PRE9	YGR135W	PRE9	PRE9	853036	PRE9	GENENAME_found	SUCCESS
PUB1	YNL016W	PUB1	PUB1	855716	PUB1	GENENAME_found	SUCCESS
NPL6	YMR091C	NPL6	NPL6	855116	NPL6	GENENAME_found	SUCCESS
DUG3	YNL191W	DUG3	DUG3	855530	DUG3	GENENAME_found	SUCCESS
FAL1	YDR021W	FAL1	FAL1	851584	FAL1	GENENAME_found	SUCCESS
MRPL8	YJL063C	MRPL8	MRPL8	853382	MRPL8	GENENAME_found	SUCCESS
PRB1	YEL060C	PRB1	PRB1	856649	PRB1	GENENAME_found	SUCCESS
RVS167	YDR388W	RVS167	RVS167	851996	RVS167	GENENAME_found	SUCCESS
VPS13	YLL040C	VPS13	VPS13	850619	VPS13	GENENAME_found	SUCCESS
ADH5	YBR145W	ADH5	ADH5	852442	ADH5	GENENAME_found	SUCCESS
YUH1	YJR099W	YUH1	YUH1	853562	YUH1	GENENAME_found	SUCCESS
VMA2	YBR127C	VMA2	VMA2	852424	VMA2	GENENAME_found	SUCCESS
AVL9	YLR114C	AVL9	AVL9	850805	AVL9	GENENAME_found	SUCCESS
LHS1	YKL073W	LHS1	LHS1	853789	LHS1	GENENAME_found	SUCCESS
MYO5	YMR109W	MYO5	MYO5	855136	MYO5	GENENAME_found	SUCCESS
PDS5	YMR076C	PDS5	PDS5	855099	PDS5	GENENAME_found	SUCCESS
TUB3	YML124C	TUB3	TUB3	854915	TUB3	GENENAME_found	SUCCESS
NUP133	YKR082W	NUP133	NUP133	853957	NUP133	GENENAME_found	SUCCESS
RPL36A	YMR194W	RPL36A	RPL36A	855232	RPL36A	GENENAME_found	SUCCESS
RPL32	YBL092W	RPL32	RPL32	852185	RPL32	GENENAME_found	SUCCESS
ACB1	YGR037C	ACB1	ACB1	852925	ACB1	GENENAME_found	SUCCESS
YMR196W	YMR196W	NA	NA	855236	YMR196W	ORF_unchanged	SUCCESS
GCV1	YDR019C	GCV1	GCV1	851582	GCV1	GENENAME_found	SUCCESS
MRP1	YDR347W	MRP1	MRP1	851948	MRP1	GENENAME_found	SUCCESS
TSR3	YOR006C	TSR3	TSR3	854167	TSR3	GENENAME_found	SUCCESS
RPF1	YHR088W	RPF1	RPF1	856488	RPF1	GENENAME_found	SUCCESS
SQS1	YNL224C	SQS1	SQS1	855497	SQS1	GENENAME_found	SUCCESS
KAR2	YJL034W	KAR2	KAR2	853418	KAR2	GENENAME_found	SUCCESS
CAJ1	YER048C	CAJ1	CAJ1	856772	CAJ1	GENENAME_found	SUCCESS
PRX1	YBL064C	PRX1	PRX1	852215	PRX1	GENENAME_found	SUCCESS
NMA111	YNL123W	NMA111	NMA111	855600	NMA111	GENENAME_found	SUCCESS
RPS23A;RPS23B	NA	NA	NA	NA	RPS23A;RPS23B	COMPOSITE_SUCCESS	SUCCESS
PHO2	YDL106C	PHO2	PHO2	851452	PHO2	GENENAME_found	SUCCESS
CCC1	YLR220W	CCC1	CCC1	850917	CCC1	GENENAME_found	SUCCESS
KTR4	YBR199W	KTR4	KTR4	852498	KTR4	GENENAME_found	SUCCESS
SSC1	YJR045C	SSC1	SSC1	853503	SSC1	GENENAME_found	SUCCESS
PDB1	YBR221C	PDB1	PDB1	852522	PDB1	GENENAME_found	SUCCESS
CRP1	YHR146W	CRP1	CRP1	856551	CRP1	GENENAME_found	SUCCESS
MRP13	YGR084C	MRP13	MRP13	852975	MRP13	GENENAME_found	SUCCESS
BRO1	YPL084W	BRO1	BRO1	856021	BRO1	GENENAME_found	SUCCESS
LRP1	YHR081W	LRP1	LRP1	856481	LRP1	GENENAME_found	SUCCESS
MDH1	YKL085W	MDH1	MDH1	853777	MDH1	GENENAME_found	SUCCESS
RPL8B	YLL045C	RPL8B	RPL8B	850682	RPL8B	GENENAME_found	SUCCESS
MOT1	YPL082C	MOT1	MOT1	856023	MOT1	GENENAME_found	SUCCESS
NMT1	YLR195C	NMT1	NMT1	850892	NMT1	GENENAME_found	SUCCESS
ECM25	YJL201W	ECM25	ECM25	853229	ECM25	GENENAME_found	SUCCESS
LCB5	YLR260W	LCB5	LCB5	850964	LCB5	GENENAME_found	SUCCESS
ENT4	YLL038C	ENT4	ENT4	850621	ENT4	GENENAME_found	SUCCESS
NTE1	YML059C	NTE1	NTE1	854943	NTE1	GENENAME_found	SUCCESS
AIP1	YMR092C	AIP1	AIP1	855117	AIP1	GENENAME_found	SUCCESS
BAT1	YHR208W	BAT1	BAT1	856615	BAT1	GENENAME_found	SUCCESS
POR1	YNL055C	POR1	POR1	855669	POR1	GENENAME_found	SUCCESS
RPL26A	YLR344W	RPL26A	RPL26A	851058	RPL26A	GENENAME_found	SUCCESS
ETT1	YOR051C	ETT1	ETT1	854216	ETT1	GENENAME_found	SUCCESS
ARC35	YNR035C	ARC35	ARC35	855771	ARC35	GENENAME_found	SUCCESS
TAF12	YDR145W	TAF12	TAF12	851723	TAF12	GENENAME_found	SUCCESS
NAM7	YMR080C	NAM7	NAM7	855104	NAM7	GENENAME_found	SUCCESS
AMD1	YML035C	AMD1	AMD1	854973	AMD1	GENENAME_found	SUCCESS
WHI3	YNL197C	WHI3	WHI3	855524	WHI3	GENENAME_found	SUCCESS
DAK1	YML070W	DAK1	DAK1	854932	DAK1	GENENAME_found	SUCCESS
IMD2	YHR216W	IMD2	IMD2	856626	IMD2	GENENAME_found	SUCCESS
YMR310C	YMR310C	NA	NA	855358	YMR310C	ORF_unchanged	SUCCESS
SET2	YJL168C	SET2	SET2	853271	SET2	GENENAME_found	SUCCESS
TAF6	YGL112C	TAF6	TAF6	852766	TAF6	GENENAME_found	SUCCESS
CSR1	YLR380W	CSR1	CSR1	851096	CSR1	GENENAME_found	SUCCESS
COQ4	YDR204W	COQ4	COQ4	851785	COQ4	GENENAME_found	SUCCESS
PRP43	YGL120C	PRP43	PRP43	852757	PRP43	GENENAME_found	SUCCESS
ADE2	YOR128C	ADE2	ADE2	854295	ADE2	GENENAME_found	SUCCESS
PLB3	YOL011W	PLB3	PLB3	854151	PLB3	GENENAME_found	SUCCESS
PLB1	YMR008C	PLB1	PLB1	855020	PLB1	GENENAME_found	SUCCESS
SES1	YDR023W	SES1	SES1	851587	SES1	GENENAME_found	SUCCESS
SOL3	YHR163W	SOL3	SOL3	856568	SOL3	GENENAME_found	SUCCESS
VTC2	YFL004W	VTC2	VTC2	850544	VTC2	GENENAME_found	SUCCESS
NSR1	YGR159C	NSR1	NSR1	853064	NSR1	GENENAME_found	SUCCESS
GET1	YGL020C	GET1	GET1	852864	GET1	GENENAME_found	SUCCESS
NUM1	YDR150W	NUM1	NUM1	851727	NUM1	GENENAME_found	SUCCESS
NOC3	YLR002C	NOC3	NOC3	850688	NOC3	GENENAME_found	SUCCESS
BNA3	YJL060W	BNA3	BNA3	853386	BNA3	GENENAME_found	SUCCESS
SEC26	YDR238C	SEC26	SEC26	851824	SEC26	GENENAME_found	SUCCESS
RTF1	YGL244W	RTF1	RTF1	852607	RTF1	GENENAME_found	SUCCESS
SIW14	YNL032W	SIW14	SIW14	855699	SIW14	GENENAME_found	SUCCESS
ERG13	YML126C	ERG13	ERG13	854913	ERG13	GENENAME_found	SUCCESS
RRP36	YOR287C	RRP36	RRP36	854461	RRP36	GENENAME_found	SUCCESS
ERG9	YHR190W	ERG9	ERG9	856597	ERG9	GENENAME_found	SUCCESS
VPS54	YDR027C	VPS54	VPS54	851591	VPS54	GENENAME_found	SUCCESS
DPB2	YPR175W	DPB2	DPB2	856305	DPB2	GENENAME_found	SUCCESS
CPR7	YJR032W	CPR7	CPR7	853489	CPR7	GENENAME_found	SUCCESS
PBP1	YGR178C	PBP1	PBP1	853089	PBP1	GENENAME_found	SUCCESS
UTP8	YGR128C	UTP8	UTP8	853029	UTP8	GENENAME_found	SUCCESS
COX14	YML129C	COX14	COX14	854910	COX14	GENENAME_found	SUCCESS
CLU1	YMR012W	CLU1	CLU1	855025	CLU1	GENENAME_found	SUCCESS
IKI3	YLR384C	IKI3	IKI3	851100	IKI3	GENENAME_found	SUCCESS
ECM29	YHL030W	ECM29	ECM29	856355	ECM29	GENENAME_found	SUCCESS
BNA5	YLR231C	BNA5	BNA5	850933	BNA5	GENENAME_found	SUCCESS
TSR1	YDL060W	TSR1	TSR1	851499	TSR1	GENENAME_found	SUCCESS
YKT6	YKL196C	YKT6	YKT6	853638	YKT6	GENENAME_found	SUCCESS
SHM1	YBR263W	SHM1	SHM1	852565	SHM1	GENENAME_found	SUCCESS
SUS1	YBR111W-A	SUS1	SUS1	1466445	SUS1	GENENAME_found	SUCCESS
EMI1	YDR512C	EMI1	EMI1	852125	EMI1	GENENAME_found	SUCCESS
GRR1	YJR090C	GRR1	GRR1	853552	GRR1	GENENAME_found	SUCCESS
BUD6	YLR319C	BUD6	BUD6	851029	BUD6	GENENAME_found	SUCCESS
PEX14	YGL153W	PEX14	PEX14	852724	PEX14	GENENAME_found	SUCCESS
ATP10	YLR393W	ATP10	ATP10	851109	ATP10	GENENAME_found	SUCCESS
TMA46	YOR091W	TMA46	TMA46	854258	TMA46	GENENAME_found	SUCCESS
FSH3	YOR280C	FSH3	FSH3	854454	FSH3	GENENAME_found	SUCCESS
RQC1	YDR333C	RQC1	RQC1	851933	RQC1	GENENAME_found	SUCCESS
CYS4	YGR155W	CYS4	CYS4	853059	CYS4	GENENAME_found	SUCCESS
SEC27	YGL137W	SEC27	SEC27	852740	SEC27	GENENAME_found	SUCCESS
MRPL19	YNL185C	MRPL19	MRPL19	855536	MRPL19	GENENAME_found	SUCCESS
RSC9	YML127W	RSC9	RSC9	854912	RSC9	GENENAME_found	SUCCESS
YME1	YPR024W	YME1	YME1	856135	YME1	GENENAME_found	SUCCESS
NAB2	YGL122C	NAB2	NAB2	852755	NAB2	GENENAME_found	SUCCESS
SNF4	YGL115W	SNF4	SNF4	852763	SNF4	GENENAME_found	SUCCESS
SGT1	YOR057W	SGT1	SGT1	854222	SGT1	GENENAME_found	SUCCESS
COG3	YER157W	COG3	COG3	856901	COG3	GENENAME_found	SUCCESS
SUA5	YGL169W	SUA5	SUA5	852707	SUA5	GENENAME_found	SUCCESS
STE24	YJR117W	STE24	STE24	853581	STE24	GENENAME_found	SUCCESS
PTC2	YER089C	PTC2	PTC2	856823	PTC2	GENENAME_found	SUCCESS
YPR097W	YPR097W	NA	NA	856212	YPR097W	ORF_unchanged	SUCCESS
RFC3	YNL290W	RFC3	RFC3	855426	RFC3	GENENAME_found	SUCCESS
RPS17A;RPS17B	NA	NA	NA	NA	RPS17A;RPS17B	COMPOSITE_SUCCESS	SUCCESS
ISC1	YER019W	ISC1	ISC1	856739	ISC1	GENENAME_found	SUCCESS
RTG2	YGL252C	RTG2	RTG2	852640	RTG2	GENENAME_found	SUCCESS
HAS1	YMR290C	HAS1	HAS1	855335	HAS1	GENENAME_found	SUCCESS
SYO1	YDL063C	SYO1	SYO1	851497	SYO1	GENENAME_found	SUCCESS
IPI3	YNL182C	IPI3	IPI3	855539	IPI3	GENENAME_found	SUCCESS
RAM2	YKL019W	RAM2	RAM2	853849	RAM2	GENENAME_found	SUCCESS
HSC82	YMR186W	HSC82	HSC82	855224	HSC82	GENENAME_found	SUCCESS
ERG8	YMR220W	ERG8	ERG8	855260	ERG8	GENENAME_found	SUCCESS
NOP9	YJL010C	NOP9	NOP9	853445	NOP9	GENENAME_found	SUCCESS
RTC5	YOR118W	RTC5	RTC5	854285	RTC5	GENENAME_found	SUCCESS
YJL055W	YJL055W	NA	NA	853391	YJL055W	ORF_unchanged	SUCCESS
SEC72	YLR292C	SEC72	SEC72	850999	SEC72	GENENAME_found	SUCCESS
KEX1	YGL203C	KEX1	KEX1	852670	KEX1	GENENAME_found	SUCCESS
FYV6	YNL133C	FYV6	FYV6	855589	FYV6	GENENAME_found	SUCCESS
AKR1	YDR264C	AKR1	AKR1	851857	AKR1	GENENAME_found	SUCCESS
SEN1	YLR430W	SEN1	SEN1	851150	SEN1	GENENAME_found	SUCCESS
SKI6	YGR195W	SKI6	SKI6	853109	SKI6	GENENAME_found	SUCCESS
PEP4	YPL154C	PEP4	PEP4	855949	PEP4	GENENAME_found	SUCCESS
SPT7	YBR081C	SPT7	SPT7	852373	SPT7	GENENAME_found	SUCCESS
NSG1	YHR133C	NSG1	NSG1	856535	NSG1	GENENAME_found	SUCCESS
GRX7	YBR014C	GRX7	GRX7	852302	GRX7	GENENAME_found	SUCCESS
OSM1	YJR051W	OSM1	OSM1	853510	OSM1	GENENAME_found	SUCCESS
HRD3	YLR207W	HRD3	HRD3	850904	HRD3	GENENAME_found	SUCCESS
FPS1	YLL043W	FPS1	FPS1	850683	FPS1	GENENAME_found	SUCCESS
RPL19A;RPL19B	NA	NA	NA	NA	RPL19A;RPL19B	COMPOSITE_SUCCESS	SUCCESS
PXR1	YGR280C	PXR1	PXR1	853197	PXR1	GENENAME_found	SUCCESS
DID2	YKR035W-A	DID2	DID2	853906	DID2	GENENAME_found	SUCCESS
DCP1	YOL149W	DCP1	DCP1	854016	DCP1	GENENAME_found	SUCCESS
COF1	YLL050C	COF1	COF1	850676	COF1	GENENAME_found	SUCCESS
UBP3	YER151C	UBP3	UBP3	856895	UBP3	GENENAME_found	SUCCESS
SEC24	YIL109C	SEC24	SEC24	854697	SEC24	GENENAME_found	SUCCESS
SFB2	YNL049C	SFB2	SFB2	855678	SFB2	GENENAME_found	SUCCESS
PRO1	YDR300C	PRO1	PRO1	851894	PRO1	GENENAME_found	SUCCESS
CCW12	YLR110C	CCW12	CCW12	850800	CCW12	GENENAME_found	SUCCESS
EMG1	YLR186W	EMG1	EMG1	850883	EMG1	GENENAME_found	SUCCESS
LYS12	YIL094C	LYS12	LYS12	854714	LYS12	GENENAME_found	SUCCESS
YGR126W	YGR126W	NA	NA	853027	YGR126W	ORF_unchanged	SUCCESS
MCR1	YKL150W	MCR1	MCR1	853707	MCR1	GENENAME_found	SUCCESS
MED4	YOR174W	MED4	MED4	854345	MED4	GENENAME_found	SUCCESS
BRR2	YER172C	BRR2	BRR2	856919	BRR2	GENENAME_found	SUCCESS
APM2	YHL019C	APM2	APM2	856367	APM2	GENENAME_found	SUCCESS
TAF9	YMR236W	TAF9	TAF9	855276	TAF9	GENENAME_found	SUCCESS
SUM1	YDR310C	SUM1	SUM1	851905	SUM1	GENENAME_found	SUCCESS
RIX7	YLL034C	RIX7	RIX7	850625	RIX7	GENENAME_found	SUCCESS
ASM4	YDL088C	ASM4	ASM4	851470	ASM4	GENENAME_found	SUCCESS
SRP72	YPL210C	SRP72	SRP72	855891	SRP72	GENENAME_found	SUCCESS
CMK2	YOL016C	CMK2	CMK2	854144	CMK2	GENENAME_found	SUCCESS
YHB1	YGR234W	YHB1	YHB1	853149	YHB1	GENENAME_found	SUCCESS
RPO26	YPR187W	RPO26	RPO26	856317	RPO26	GENENAME_found	SUCCESS
CLC1	YGR167W	CLC1	CLC1	853077	CLC1	GENENAME_found	SUCCESS
SGN1	YIR001C	SGN1	SGN1	854817	SGN1	GENENAME_found	SUCCESS
COQ1	YBR003W	COQ1	COQ1	852288	COQ1	GENENAME_found	SUCCESS
PAM1	YDR251W	PAM1	PAM1	851838	PAM1	GENENAME_found	SUCCESS
RPT4	YOR259C	RPT4	RPT4	854433	RPT4	GENENAME_found	SUCCESS
RPS10B	YMR230W	RPS10B	RPS10B	855270	RPS10B	GENENAME_found	SUCCESS
EFR3	YMR212C	EFR3	EFR3	855252	EFR3	GENENAME_found	SUCCESS
ARO8	YGL202W	ARO8	ARO8	852672	ARO8	GENENAME_found	SUCCESS
RNA15	YGL044C	RNA15	RNA15	852838	RNA15	GENENAME_found	SUCCESS
HSM3	YBR272C	HSM3	HSM3	852575	HSM3	GENENAME_found	SUCCESS
COG6	YNL041C	COG6	COG6	855687	COG6	GENENAME_found	SUCCESS
SPC34	YKR037C	SPC34	SPC34	853909	SPC34	GENENAME_found	SUCCESS
NHP6A	YPR052C	NHP6A	NHP6A	856165	NHP6A	GENENAME_found	SUCCESS
PPT1	YGR123C	PPT1	PPT1	853023	PPT1	GENENAME_found	SUCCESS
PRE6	YOL038W	PRE6	PRE6	854119	PRE6	GENENAME_found	SUCCESS
CET1	YPL228W	CET1	CET1	855873	CET1	GENENAME_found	SUCCESS
SKO1	YNL167C	SKO1	SKO1	855554	SKO1	GENENAME_found	SUCCESS
IRA1	YBR140C	IRA1	IRA1	852437	IRA1	GENENAME_found	SUCCESS
REX4	YOL080C	REX4	REX4	854075	REX4	GENENAME_found	SUCCESS
CBP6	YBR120C	CBP6	CBP6	852417	CBP6	GENENAME_found	SUCCESS
HMG2	YLR450W	HMG2	HMG2	851171	HMG2	GENENAME_found	SUCCESS
ESC1	YMR219W	ESC1	ESC1	855259	ESC1	GENENAME_found	SUCCESS
TPT1	YOL102C	TPT1	TPT1	854051	TPT1	GENENAME_found	SUCCESS
PLB2	YMR006C	PLB2	PLB2	855018	PLB2	GENENAME_found	SUCCESS
NHP6B	YBR089C-A	NHP6B	NHP6B	852386	NHP6B	GENENAME_found	SUCCESS
MSW1	YDR268W	MSW1	MSW1	851861	MSW1	GENENAME_found	SUCCESS
PSK2	YOL045W	PSK2	PSK2	854111	PSK2	GENENAME_found	SUCCESS
TFB2	YPL122C	TFB2	TFB2	855981	TFB2	GENENAME_found	SUCCESS
PKH2	YOL100W	PKH2	PKH2	854053	PKH2	GENENAME_found	SUCCESS
ABP140	YOR239W	ABP140	ABP140	854414	ABP140	GENENAME_found	SUCCESS
SRP101	YDR292C	SRP101	SRP101	851886	SRP101	GENENAME_found	SUCCESS
RPS12	YOR369C	RPS12	RPS12	854551	RPS12	GENENAME_found	SUCCESS
ENT1	YDL161W	ENT1	ENT1	851392	ENT1	GENENAME_found	SUCCESS
YER156C	YER156C	NA	NA	856900	YER156C	ORF_unchanged	SUCCESS
CGI121	YML036W	CGI121	CGI121	854972	CGI121	GENENAME_found	SUCCESS
BRN1	YBL097W	BRN1	BRN1	852180	BRN1	GENENAME_found	SUCCESS
OSH2	YDL019C	OSH2	OSH2	851543	OSH2	GENENAME_found	SUCCESS
LEU9	YOR108W	LEU9	LEU9	854275	LEU9	GENENAME_found	SUCCESS
GRX2	YDR513W	GRX2	GRX2	852124	GRX2	GENENAME_found	SUCCESS
CDC36	YDL165W	CDC36	CDC36	851389	CDC36	GENENAME_found	SUCCESS
MRPS9	YBR146W	MRPS9	MRPS9	852443	MRPS9	GENENAME_found	SUCCESS
AIM10	YER087W	AIM10	AIM10	856820	AIM10	GENENAME_found	SUCCESS
SLC1	YDL052C	SLC1	SLC1	851508	SLC1	GENENAME_found	SUCCESS
SET5	YHR207C	SET5	SET5	856614	SET5	GENENAME_found	SUCCESS
DST1	YGL043W	DST1	DST1	852839	DST1	GENENAME_found	SUCCESS
RTK1	YDL025C	RTK1	RTK1	851536	RTK1	GENENAME_found	SUCCESS
NAT1	YDL040C	NAT1	NAT1	851521	NAT1	GENENAME_found	SUCCESS
URB2	YJR041C	URB2	URB2	853498	URB2	GENENAME_found	SUCCESS
YMR087W	YMR087W	NA	NA	855112	YMR087W	ORF_unchanged	SUCCESS
TMA64	YDR117C	TMA64	TMA64	851695	TMA64	GENENAME_found	SUCCESS
VAN1	YML115C	VAN1	VAN1	854925	VAN1	GENENAME_found	SUCCESS
TDA3	YHR009C	TDA3	TDA3	856400	TDA3	GENENAME_found	SUCCESS
ADH6	YMR318C	ADH6	ADH6	855368	ADH6	GENENAME_found	SUCCESS
RPP1	YHR062C	RPP1	RPP1	856459	RPP1	GENENAME_found	SUCCESS
HNT1	YDL125C	HNT1	HNT1	851432	HNT1	GENENAME_found	SUCCESS
ILV3	YJR016C	ILV3	ILV3	853473	ILV3	GENENAME_found	SUCCESS
ARO9	YHR137W	ARO9	ARO9	856539	ARO9	GENENAME_found	SUCCESS
SWP82	YFL049W	SWP82	SWP82	850495	SWP82	GENENAME_found	SUCCESS
FKS1	YLR342W	FKS1	FKS1	851055	FKS1	GENENAME_found	SUCCESS
RMD9	YGL107C	RMD9	RMD9	852771	RMD9	GENENAME_found	SUCCESS
GCD6	YDR211W	GCD6	GCD6	851797	GCD6	GENENAME_found	SUCCESS
NUS1	YDL193W	NUS1	NUS1	851334	NUS1	GENENAME_found	SUCCESS
NAM9	YNL137C	NAM9	NAM9	855585	NAM9	GENENAME_found	SUCCESS
PET9	YBL030C	PET9	PET9	852250	PET9	GENENAME_found	SUCCESS
DOG2	YHR043C	DOG2	DOG2	856439	DOG2	GENENAME_found	SUCCESS
BET3	YKR068C	BET3	BET3	853942	BET3	GENENAME_found	SUCCESS
YBR238C	YBR238C	NA	NA	852540	YBR238C	ORF_unchanged	SUCCESS
AIM41	YOR215C	AIM41	AIM41	854390	AIM41	GENENAME_found	SUCCESS
RLF2	YPR018W	RLF2	RLF2	856129	RLF2	GENENAME_found	SUCCESS
PRP8	YHR165C	PRP8	PRP8	856570	PRP8	GENENAME_found	SUCCESS
SDH2	YLL041C	SDH2	SDH2	850685	SDH2	GENENAME_found	SUCCESS
RRP14	YKL082C	RRP14	RRP14	853780	RRP14	GENENAME_found	SUCCESS
GAL83	YER027C	GAL83	GAL83	856749	GAL83	GENENAME_found	SUCCESS
UTR1	YJR049C	UTR1	UTR1	853508	UTR1	GENENAME_found	SUCCESS
IXR1	YKL032C	IXR1	IXR1	853836	IXR1	GENENAME_found	SUCCESS
SER2	YGR208W	SER2	SER2	853122	SER2	GENENAME_found	SUCCESS
DFM1	YDR411C	DFM1	DFM1	852020	DFM1	GENENAME_found	SUCCESS
YRA1	YDR381W	YRA1	YRA1	851988	YRA1	GENENAME_found	SUCCESS
YJR096W	YJR096W	NA	NA	853559	YJR096W	ORF_unchanged	SUCCESS
FMP40	YPL222W	FMP40	FMP40	855879	FMP40	GENENAME_found	SUCCESS
NNR2	YKL151C	NNR2	NNR2	853706	NNR2	GENENAME_found	SUCCESS
YGR130C	YGR130C	NA	NA	853031	YGR130C	ORF_unchanged	SUCCESS
NMA1	YLR328W	NMA1	NMA1	851039	NMA1	GENENAME_found	SUCCESS
FIP1	YJR093C	FIP1	FIP1	853555	FIP1	GENENAME_found	SUCCESS
CDC53	YDL132W	CDC53	CDC53	851424	CDC53	GENENAME_found	SUCCESS
XKS1	YGR194C	XKS1	XKS1	853108	XKS1	GENENAME_found	SUCCESS
PRO2	YOR323C	PRO2	PRO2	854501	PRO2	GENENAME_found	SUCCESS
FMP10	YER182W	FMP10	FMP10	856931	FMP10	GENENAME_found	SUCCESS
NOP1	YDL014W	NOP1	NOP1	851548	NOP1	GENENAME_found	SUCCESS
SLF1	YDR515W	SLF1	SLF1	852127	SLF1	GENENAME_found	SUCCESS
PTR2	YKR093W	PTR2	PTR2	853968	PTR2	GENENAME_found	SUCCESS
HCA4	YJL033W	HCA4	HCA4	853419	HCA4	GENENAME_found	SUCCESS
MIC60	YKR016W	MIC60	MIC60	853886	MIC60	GENENAME_found	SUCCESS
URB1	YKL014C	URB1	URB1	853855	URB1	GENENAME_found	SUCCESS
APL1	YJR005W	APL1	APL1	853461	APL1	GENENAME_found	SUCCESS
DBP6	YNR038W	DBP6	DBP6	855774	DBP6	GENENAME_found	SUCCESS
AHA1	YDR214W	AHA1	AHA1	851800	AHA1	GENENAME_found	SUCCESS
TRM1	YDR120C	TRM1	TRM1	851698	TRM1	GENENAME_found	SUCCESS
HBS1	YKR084C	HBS1	HBS1	853959	HBS1	GENENAME_found	SUCCESS
RLP7	YNL002C	RLP7	RLP7	855730	RLP7	GENENAME_found	SUCCESS
ZIM17	YNL310C	ZIM17	ZIM17	855406	ZIM17	GENENAME_found	SUCCESS
RAP1	YNL216W	RAP1	RAP1	855505	RAP1	GENENAME_found	SUCCESS
SAC7	YDR389W	SAC7	SAC7	851997	SAC7	GENENAME_found	SUCCESS
CNA1	YLR433C	CNA1	CNA1	851153	CNA1	GENENAME_found	SUCCESS
OST1	YJL002C	OST1	OST1	853455	OST1	GENENAME_found	SUCCESS
FSH1	YHR049W	FSH1	FSH1	856445	FSH1	GENENAME_found	SUCCESS
YGR021W	YGR021W	NA	NA	852904	YGR021W	ORF_unchanged	SUCCESS
TUP1	YCR084C	TUP1	TUP1	850445	TUP1	GENENAME_found	SUCCESS
FBP26	YJL155C	FBP26	FBP26	853286	FBP26	GENENAME_found	SUCCESS
RPN11	YFR004W	RPN11	RPN11	850554	RPN11	GENENAME_found	SUCCESS
LTP1	YPR073C	LTP1	LTP1	856187	LTP1	GENENAME_found	SUCCESS
PCL6	YER059W	PCL6	PCL6	856787	PCL6	GENENAME_found	SUCCESS
HAA1	YPR008W	HAA1	HAA1	856117	HAA1	GENENAME_found	SUCCESS
LSG1	YGL099W	LSG1	LSG1	852779	LSG1	GENENAME_found	SUCCESS
SHE10	YGL228W	SHE10	SHE10	852623	SHE10	GENENAME_found	SUCCESS
GPA2	YER020W	GPA2	GPA2	856741	GPA2	GENENAME_found	SUCCESS
SNF1	YDR477W	SNF1	SNF1	852088	SNF1	GENENAME_found	SUCCESS
REI1	YBR267W	REI1	REI1	852569	REI1	GENENAME_found	SUCCESS
BUL2	YML111W	BUL2	BUL2	854929	BUL2	GENENAME_found	SUCCESS
SEF1	YBL066C	SEF1	SEF1	852214	SEF1	GENENAME_found	SUCCESS
PDX1	YGR193C	PDX1	PDX1	853107	PDX1	GENENAME_found	SUCCESS
PRI1	YIR008C	PRI1	PRI1	854825	PRI1	GENENAME_found	SUCCESS
IDH2	YOR136W	IDH2	IDH2	854303	IDH2	GENENAME_found	SUCCESS
YEL043W	YEL043W	NA	NA	856668	YEL043W	ORF_unchanged	SUCCESS
SCW10	YMR305C	SCW10	SCW10	855352	SCW10	GENENAME_found	SUCCESS
ATP4	YPL078C	ATP4	ATP4	856027	ATP4	GENENAME_found	SUCCESS
EXO70	YJL085W	EXO70	EXO70	853359	EXO70	GENENAME_found	SUCCESS
TGL5	YOR081C	TGL5	TGL5	854248	TGL5	GENENAME_found	SUCCESS
YHR097C	YHR097C	NA	NA	856497	YHR097C	ORF_unchanged	SUCCESS
FMP27	YLR454W	FMP27	FMP27	851175	FMP27	GENENAME_found	SUCCESS
AGE2	YIL044C	AGE2	AGE2	854767	AGE2	GENENAME_found	SUCCESS
DBP7	YKR024C	DBP7	DBP7	853894	DBP7	GENENAME_found	SUCCESS
DBP1	YPL119C	DBP1	DBP1	855984	DBP1	GENENAME_found	SUCCESS
LEO1	YOR123C	LEO1	LEO1	854290	LEO1	GENENAME_found	SUCCESS
TRS130	YMR218C	TRS130	TRS130	855258	TRS130	GENENAME_found	SUCCESS
NSA2	YER126C	NSA2	NSA2	856863	NSA2	GENENAME_found	SUCCESS
SGM1	YJR134C	SGM1	SGM1	853598	SGM1	GENENAME_found	SUCCESS
TED1	YIL039W	TED1	TED1	854772	TED1	GENENAME_found	SUCCESS
GRH1	YDR517W	GRH1	GRH1	852129	GRH1	GENENAME_found	SUCCESS
PBS2	YJL128C	PBS2	PBS2	853313	PBS2	GENENAME_found	SUCCESS
NMA2	YGR010W	NMA2	NMA2	852893	NMA2	GENENAME_found	SUCCESS
YOR385W	YOR385W	NA	NA	854567	YOR385W	ORF_unchanged	SUCCESS
GSH2	YOL049W	GSH2	GSH2	854108	GSH2	GENENAME_found	SUCCESS
CRN1	YLR429W	CRN1	CRN1	851148	CRN1	GENENAME_found	SUCCESS
MSC6	YOR354C	MSC6	MSC6	854536	MSC6	GENENAME_found	SUCCESS
ANB1	YJR047C	ANB1	ANB1	853506	ANB1	GENENAME_found	SUCCESS
SLT2	YHR030C	SLT2	SLT2	856425	SLT2	GENENAME_found	SUCCESS
SGV1	YPR161C	SGV1	SGV1	856290	SGV1	GENENAME_found	SUCCESS
FUS3	YBL016W	FUS3	FUS3	852265	FUS3	GENENAME_found	SUCCESS
STT4	YLR305C	STT4	STT4	851014	STT4	GENENAME_found	SUCCESS
ARP9	YMR033W	ARP9	ARP9	855049	ARP9	GENENAME_found	SUCCESS
RPL8A	YHL033C	RPL8A	RPL8A	856352	RPL8A	GENENAME_found	SUCCESS
CDC73	YLR418C	CDC73	CDC73	851136	CDC73	GENENAME_found	SUCCESS
SET3	YKR029C	SET3	SET3	853900	SET3	GENENAME_found	SUCCESS
QDR2	YIL121W	QDR2	QDR2	854685	QDR2	GENENAME_found	SUCCESS
GCN2	YDR283C	GCN2	GCN2	851877	GCN2	GENENAME_found	SUCCESS
GSH1	YJL101C	GSH1	GSH1	853344	GSH1	GENENAME_found	SUCCESS
APN1	YKL114C	APN1	APN1	853746	APN1	GENENAME_found	SUCCESS
TLG2	YOL018C	TLG2	TLG2	854142	TLG2	GENENAME_found	SUCCESS
VMS1	YDR049W	VMS1	VMS1	851618	VMS1	GENENAME_found	SUCCESS
UTP15	YMR093W	UTP15	UTP15	855118	UTP15	GENENAME_found	SUCCESS
HER1	YOR227W	HER1	HER1	854402	HER1	GENENAME_found	SUCCESS
MRT4	YKL009W	MRT4	MRT4	853860	MRT4	GENENAME_found	SUCCESS
GDI1	YER136W	GDI1	GDI1	856876	GDI1	GENENAME_found	SUCCESS
CUE1	YMR264W	CUE1	CUE1	855306	CUE1	GENENAME_found	SUCCESS
GUT2	YIL155C	GUT2	GUT2	854651	GUT2	GENENAME_found	SUCCESS
UTP23	YOR004W	UTP23	UTP23	854165	UTP23	GENENAME_found	SUCCESS
SNU66	YOR308C	SNU66	SNU66	854485	SNU66	GENENAME_found	SUCCESS
PDR17	YNL264C	PDR17	PDR17	855457	PDR17	GENENAME_found	SUCCESS
PAN1	YIR006C	PAN1	PAN1	854822	PAN1	GENENAME_found	SUCCESS
RPA49	YNL248C	RPA49	RPA49	855473	RPA49	GENENAME_found	SUCCESS
YNR040W	YNR040W	NA	NA	855776	YNR040W	ORF_unchanged	SUCCESS
PHO88	YBR106W	PHO88	PHO88	852403	PHO88	GENENAME_found	SUCCESS
IST1	YNL265C	IST1	IST1	855456	IST1	GENENAME_found	SUCCESS
RPS1A	YLR441C	RPS1A	RPS1A	851162	RPS1A	GENENAME_found	SUCCESS
DHR2	YKL078W	DHR2	DHR2	853784	DHR2	GENENAME_found	SUCCESS
RBL2	YOR265W	RBL2	RBL2	854439	RBL2	GENENAME_found	SUCCESS
SIS2	YKR072C	SIS2	SIS2	853946	SIS2	GENENAME_found	SUCCESS
NSA1	YGL111W	NSA1	NSA1	852767	NSA1	GENENAME_found	SUCCESS
NCL1	YBL024W	NCL1	NCL1	852257	NCL1	GENENAME_found	SUCCESS
DPB3	YBR278W	DPB3	DPB3	852580	DPB3	GENENAME_found	SUCCESS
TPO3	YPR156C	TPO3	TPO3	856279	TPO3	GENENAME_found	SUCCESS
UTR4	YEL038W	UTR4	UTR4	856673	UTR4	GENENAME_found	SUCCESS
HIS5	YIL116W	HIS5	HIS5	854690	HIS5	GENENAME_found	SUCCESS
GGA1	YDR358W	GGA1	GGA1	851960	GGA1	GENENAME_found	SUCCESS
RPB3	YIL021W	RPB3	RPB3	854791	RPB3	GENENAME_found	SUCCESS
URH1	YDR400W	URH1	URH1	852009	URH1	GENENAME_found	SUCCESS
NAP1	YKR048C	NAP1	NAP1	853922	NAP1	GENENAME_found	SUCCESS
YML6	YML025C	YML6	YML6	854983	YML6	GENENAME_found	SUCCESS
RPS5	YJR123W	RPS5	RPS5	853587	RPS5	GENENAME_found	SUCCESS
UBX3	YDL091C	UBX3	UBX3	851467	UBX3	GENENAME_found	SUCCESS
YNR065C	YNR065C	NA	NA	855802	YNR065C	ORF_unchanged	SUCCESS
RPN13	YLR421C	RPN13	RPN13	851140	RPN13	GENENAME_found	SUCCESS
RRP17	YDR412W	RRP17	RRP17	852021	RRP17	GENENAME_found	SUCCESS
TIM44	YIL022W	TIM44	TIM44	854790	TIM44	GENENAME_found	SUCCESS
IMP4	YNL075W	IMP4	IMP4	855649	IMP4	GENENAME_found	SUCCESS
KGD2	YDR148C	KGD2	KGD2	851726	KGD2	GENENAME_found	SUCCESS
RPL21A	YBR191W	RPL21A	RPL21A	852489	RPL21A	GENENAME_found	SUCCESS
RPS25A;RPS25B	NA	NA	NA	NA	RPS25A;RPS25B	COMPOSITE_SUCCESS	SUCCESS
YGP1	YNL160W	YGP1	YGP1	855562	YGP1	GENENAME_found	SUCCESS
DIM1	YPL266W	DIM1	DIM1	855862	DIM1	GENENAME_found	SUCCESS
NDC1	YML031W	NDC1	NDC1	854977	NDC1	GENENAME_found	SUCCESS
ERP1	YAR002C-A	ERP1	ERP1	851264	ERP1	GENENAME_found	SUCCESS
RPL17B	YJL177W	RPL17B	RPL17B	853262	RPL17B	GENENAME_found	SUCCESS
ATM1	YMR301C	ATM1	ATM1	855347	ATM1	GENENAME_found	SUCCESS
ALT1	YLR089C	ALT1	ALT1	850778	ALT1	GENENAME_found	SUCCESS
MOT2	YER068W	MOT2	MOT2	856799	MOT2	GENENAME_found	SUCCESS
FUN30	YAL019W	FUN30	FUN30	851214	FUN30	GENENAME_found	SUCCESS
MDH2	YOL126C	MDH2	MDH2	853994	MDH2	GENENAME_found	SUCCESS
RPL42A;RPL42B	NA	NA	NA	NA	RPL42A;RPL42B	COMPOSITE_SUCCESS	SUCCESS
TPS1	YBR126C	TPS1	TPS1	852423	TPS1	GENENAME_found	SUCCESS
LSO2	YGR169C-A	LSO2	LSO2	1466460	LSO2	GENENAME_found	SUCCESS
MAE1	YKL029C	MAE1	MAE1	853839	MAE1	GENENAME_found	SUCCESS
SLA2	YNL243W	SLA2	SLA2	855478	SLA2	GENENAME_found	SUCCESS
RPL24A	YGL031C	RPL24A	RPL24A	852852	RPL24A	GENENAME_found	SUCCESS
DNF1	YER166W	DNF1	DNF1	856913	DNF1	GENENAME_found	SUCCESS
DNF2	YDR093W	DNF2	DNF2	851667	DNF2	GENENAME_found	SUCCESS
MSC7	YHR039C	MSC7	MSC7	856434	MSC7	GENENAME_found	SUCCESS
NUP82	YJL061W	NUP82	NUP82	853385	NUP82	GENENAME_found	SUCCESS
MAD1	YGL086W	MAD1	MAD1	852794	MAD1	GENENAME_found	SUCCESS
WRS1	YOL097C	WRS1	WRS1	854056	WRS1	GENENAME_found	SUCCESS
MGR1	YCL044C	MGR1	MGR1	850313	MGR1	GENENAME_found	SUCCESS
IVY1	YDR229W	IVY1	IVY1	851815	IVY1	GENENAME_found	SUCCESS
RTC3	YHR087W	RTC3	RTC3	856487	RTC3	GENENAME_found	SUCCESS
YBL086C	YBL086C	NA	NA	852192	YBL086C	ORF_unchanged	SUCCESS
YMR295C	YMR295C	NA	NA	855341	YMR295C	ORF_unchanged	SUCCESS
NOP16	YER002W	NOP16	NOP16	856719	NOP16	GENENAME_found	SUCCESS
RPL38	YLR325C	RPL38	RPL38	851035	RPL38	GENENAME_found	SUCCESS
RRP12	YPL012W	RRP12	RRP12	856095	RRP12	GENENAME_found	SUCCESS
YMR209C	YMR209C	NA	NA	855249	YMR209C	ORF_unchanged	SUCCESS
HTB1	YDR224C	HTB1	HTB1	851810	HTB1	GENENAME_found	SUCCESS
RPN14	YGL004C	RPN14	RPN14	852880	RPN14	GENENAME_found	SUCCESS
SAM2	YDR502C	SAM2	SAM2	852113	SAM2	GENENAME_found	SUCCESS
NBP2	YDR162C	NBP2	NBP2	851740	NBP2	GENENAME_found	SUCCESS
PDR5	YOR153W	PDR5	PDR5	854324	PDR5	GENENAME_found	SUCCESS
NDI1	YML120C	NDI1	NDI1	854919	NDI1	GENENAME_found	SUCCESS
TAF10	YDR167W	TAF10	TAF10	851745	TAF10	GENENAME_found	SUCCESS
SHB17	YKR043C	SHB17	SHB17	853917	SHB17	GENENAME_found	SUCCESS
MRP51	YPL118W	MRP51	MRP51	855985	MRP51	GENENAME_found	SUCCESS
PPH22	YDL188C	PPH22	PPH22	851339	PPH22	GENENAME_found	SUCCESS
ADE8	YDR408C	ADE8	ADE8	852017	ADE8	GENENAME_found	SUCCESS
VMA7	YGR020C	VMA7	VMA7	852903	VMA7	GENENAME_found	SUCCESS
BCH1	YMR237W	BCH1	BCH1	855277	BCH1	GENENAME_found	SUCCESS
CKS1	YBR135W	CKS1	CKS1	852432	CKS1	GENENAME_found	SUCCESS
ELP3	YPL086C	ELP3	ELP3	856019	ELP3	GENENAME_found	SUCCESS
RPL10	YLR075W	RPL10	RPL10	850764	RPL10	GENENAME_found	SUCCESS
PGC1	YPL206C	PGC1	PGC1	855895	PGC1	GENENAME_found	SUCCESS
AIM45	YPR004C	AIM45	AIM45	856112	AIM45	GENENAME_found	SUCCESS
ADE13	YLR359W	ADE13	ADE13	851073	ADE13	GENENAME_found	SUCCESS
VPS29	YHR012W	VPS29	VPS29	856403	VPS29	GENENAME_found	SUCCESS
SRP14	YDL092W	SRP14	SRP14	851466	SRP14	GENENAME_found	SUCCESS
NUP116	YMR047C	NUP116	NUP116	855066	NUP116	GENENAME_found	SUCCESS
YNL035C	YNL035C	NA	NA	855695	YNL035C	ORF_unchanged	SUCCESS
YLR177W	YLR177W	NA	NA	850874	YLR177W	ORF_unchanged	SUCCESS
TOR2	YKL203C	TOR2	TOR2	853632	TOR2	GENENAME_found	SUCCESS
SED5	YLR026C	SED5	SED5	850713	SED5	GENENAME_found	SUCCESS
YDR061W	YDR061W	NA	NA	851633	YDR061W	ORF_unchanged	SUCCESS
TAL1	YLR354C	TAL1	TAL1	851068	TAL1	GENENAME_found	SUCCESS
IES3	YLR052W	IES3	IES3	850741	IES3	GENENAME_found	SUCCESS
NVJ2	YPR091C	NVJ2	NVJ2	856207	NVJ2	GENENAME_found	SUCCESS
PSP2	YML017W	PSP2	PSP2	854991	PSP2	GENENAME_found	SUCCESS
ECM21	YBL101C	ECM21	ECM21	852173	ECM21	GENENAME_found	SUCCESS
GPI17	YDR434W	GPI17	GPI17	852044	GPI17	GENENAME_found	SUCCESS
DNF3	YMR162C	DNF3	DNF3	855197	DNF3	GENENAME_found	SUCCESS
MTD1	YKR080W	MTD1	MTD1	853955	MTD1	GENENAME_found	SUCCESS
LDB19	YOR322C	LDB19	LDB19	854500	LDB19	GENENAME_found	SUCCESS
OPY2	YPR075C	OPY2	OPY2	856191	OPY2	GENENAME_found	SUCCESS
BEM1	YBR200W	BEM1	BEM1	852499	BEM1	GENENAME_found	SUCCESS
VAC14	YLR386W	VAC14	VAC14	851102	VAC14	GENENAME_found	SUCCESS
ATP11	YNL315C	ATP11	ATP11	855401	ATP11	GENENAME_found	SUCCESS
YET3	YDL072C	YET3	YET3	851487	YET3	GENENAME_found	SUCCESS
AGP1	YCL025C	AGP1	AGP1	850333	AGP1	GENENAME_found	SUCCESS
CHO1	YER026C	CHO1	CHO1	856748	CHO1	GENENAME_found	SUCCESS
VPS35	YJL154C	VPS35	VPS35	853287	VPS35	GENENAME_found	SUCCESS
HHO1	YPL127C	HHO1	HHO1	855976	HHO1	GENENAME_found	SUCCESS
SKG1	YKR100C	SKG1	SKG1	853975	SKG1	GENENAME_found	SUCCESS
DRE2	YKR071C	DRE2	DRE2	853945	DRE2	GENENAME_found	SUCCESS
MET2	YNL277W	MET2	MET2	855444	MET2	GENENAME_found	SUCCESS
LSM6	YDR378C	LSM6	LSM6	851984	LSM6	GENENAME_found	SUCCESS
APL4	YPR029C	APL4	APL4	856141	APL4	GENENAME_found	SUCCESS
PIB2	YGL023C	PIB2	PIB2	852861	PIB2	GENENAME_found	SUCCESS
ISW2	YOR304W	ISW2	ISW2	854480	ISW2	GENENAME_found	SUCCESS
KIN4	YOR233W	KIN4	KIN4	854408	KIN4	GENENAME_found	SUCCESS
TRS31	YDR472W	TRS31	TRS31	852083	TRS31	GENENAME_found	SUCCESS
PKH1	YDR490C	PKH1	PKH1	852101	PKH1	GENENAME_found	SUCCESS
SEC13	YLR208W	SEC13	SEC13	850905	SEC13	GENENAME_found	SUCCESS
POL32	YJR043C	POL32	POL32	853500	POL32	GENENAME_found	SUCCESS
RMD1	YDL001W	RMD1	RMD1	851563	RMD1	GENENAME_found	SUCCESS
SSA4	YER103W	SSA4	SSA4	856840	SSA4	GENENAME_found	SUCCESS
KAP104	YBR017C	KAP104	KAP104	852305	KAP104	GENENAME_found	SUCCESS
YMR226C	YMR226C	NA	NA	855266	YMR226C	ORF_unchanged	SUCCESS
MCT1	YOR221C	MCT1	MCT1	854396	MCT1	GENENAME_found	SUCCESS
IDP1	YDL066W	IDP1	IDP1	851493	IDP1	GENENAME_found	SUCCESS
IDP2	YLR174W	IDP2	IDP2	850871	IDP2	GENENAME_found	SUCCESS
SAH1	YER043C	SAH1	SAH1	856766	SAH1	GENENAME_found	SUCCESS
INH1	YDL181W	INH1	INH1	851347	INH1	GENENAME_found	SUCCESS
STU1	YBL034C	STU1	STU1	852246	STU1	GENENAME_found	SUCCESS
REP2	R0040C	REP2	REP2	NA	REP2	GENENAME_found	SUCCESS
QCR2	YPR191W	QCR2	QCR2	856321	QCR2	GENENAME_found	SUCCESS
RPL33A	YPL143W	RPL33A	RPL33A	855960	RPL33A	GENENAME_found	SUCCESS
KRE9	YJL174W	KRE9	KRE9	853265	KRE9	GENENAME_found	SUCCESS
TFC3	YAL001C	TFC3	TFC3	851262	TFC3	GENENAME_found	SUCCESS
KTR1	YOR099W	KTR1	KTR1	854266	KTR1	GENENAME_found	SUCCESS
MCY1	YGR012W	MCY1	MCY1	852895	MCY1	GENENAME_found	SUCCESS
SFM1	YOR021C	SFM1	SFM1	854186	SFM1	GENENAME_found	SUCCESS
YPT7	YML001W	YPT7	YPT7	855012	YPT7	GENENAME_found	SUCCESS
CBP2	YHL038C	CBP2	CBP2	856347	CBP2	GENENAME_found	SUCCESS
ARP4	YJL081C	ARP4	ARP4	853364	ARP4	GENENAME_found	SUCCESS
SWP1	YMR149W	SWP1	SWP1	855180	SWP1	GENENAME_found	SUCCESS
EMC2	YJR088C	EMC2	EMC2	853550	EMC2	GENENAME_found	SUCCESS
PDA1	YER178W	PDA1	PDA1	856925	PDA1	GENENAME_found	SUCCESS
HEH2	YDR458C	HEH2	HEH2	852069	HEH2	GENENAME_found	SUCCESS
MAK5	YBR142W	MAK5	MAK5	852439	MAK5	GENENAME_found	SUCCESS
PBP4	YDL053C	PBP4	PBP4	851507	PBP4	GENENAME_found	SUCCESS
SNU23	YDL098C	SNU23	SNU23	851460	SNU23	GENENAME_found	SUCCESS
ENT5	YDR153C	ENT5	ENT5	851731	ENT5	GENENAME_found	SUCCESS
EMC5	YIL027C	EMC5	EMC5	854785	EMC5	GENENAME_found	SUCCESS
FLC3	YGL139W	FLC3	FLC3	852738	FLC3	GENENAME_found	SUCCESS
SRB2	YHR041C	SRB2	SRB2	856437	SRB2	GENENAME_found	SUCCESS
STE12	YHR084W	STE12	STE12	856484	STE12	GENENAME_found	SUCCESS
EUG1	YDR518W	EUG1	EUG1	852130	EUG1	GENENAME_found	SUCCESS
IFM1	YOL023W	IFM1	IFM1	854135	IFM1	GENENAME_found	SUCCESS
PHO91	YNR013C	PHO91	PHO91	855747	PHO91	GENENAME_found	SUCCESS
RAD2	YGR258C	RAD2	RAD2	853174	RAD2	GENENAME_found	SUCCESS
EPS1	YIL005W	EPS1	EPS1	854812	EPS1	GENENAME_found	SUCCESS
ECM2	YBR065C	ECM2	ECM2	852357	ECM2	GENENAME_found	SUCCESS
VHS3	YOR054C	VHS3	VHS3	854220	VHS3	GENENAME_found	SUCCESS
URA7	YBL039C	URA7	URA7	852241	URA7	GENENAME_found	SUCCESS
SSH1	YBR283C	SSH1	SSH1	852586	SSH1	GENENAME_found	SUCCESS
YOL019W	YOL019W	NA	NA	854141	YOL019W	ORF_unchanged	SUCCESS
YIL108W	YIL108W	NA	NA	854698	YIL108W	ORF_unchanged	SUCCESS
SSP120	YLR250W	SSP120	SSP120	850952	SSP120	GENENAME_found	SUCCESS
YER152C	YER152C	NA	NA	856896	YER152C	ORF_unchanged	SUCCESS
CAF4	YKR036C	CAF4	CAF4	853908	CAF4	GENENAME_found	SUCCESS
PNO1	YOR145C	PNO1	PNO1	854317	PNO1	GENENAME_found	SUCCESS
MAS2	YHR024C	MAS2	MAS2	856419	MAS2	GENENAME_found	SUCCESS
IES6	YEL044W	IES6	IES6	856667	IES6	GENENAME_found	SUCCESS
RPT2	YDL007W	RPT2	RPT2	851557	RPT2	GENENAME_found	SUCCESS
PEP1	YBL017C	PEP1	PEP1	852264	PEP1	GENENAME_found	SUCCESS
HDA3	YPR179C	HDA3	HDA3	856309	HDA3	GENENAME_found	SUCCESS
VBA4	YDR119W	VBA4	VBA4	851697	VBA4	GENENAME_found	SUCCESS
GCY1	YOR120W	GCY1	GCY1	854287	GCY1	GENENAME_found	SUCCESS
TOM71	YHR117W	TOM71	TOM71	856517	TOM71	GENENAME_found	SUCCESS
MSC3	YLR219W	MSC3	MSC3	850916	MSC3	GENENAME_found	SUCCESS
GPN2	YOR262W	GPN2	GPN2	854436	GPN2	GENENAME_found	SUCCESS
AIF1	YNR074C	AIF1	AIF1	855811	AIF1	GENENAME_found	SUCCESS
RAD23	YEL037C	RAD23	RAD23	856674	RAD23	GENENAME_found	SUCCESS
IPI1	YHR085W	IPI1	IPI1	856485	IPI1	GENENAME_found	SUCCESS
GIN4	YDR507C	GIN4	GIN4	852119	GIN4	GENENAME_found	SUCCESS
RPL12A;RPL12B	NA	NA	NA	NA	RPL12A;RPL12B	COMPOSITE_SUCCESS	SUCCESS
ISN1	YOR155C	ISN1	ISN1	854326	ISN1	GENENAME_found	SUCCESS
TDH3	YGR192C	TDH3	TDH3	853106	TDH3	GENENAME_found	SUCCESS
EXO84	YBR102C	EXO84	EXO84	852398	EXO84	GENENAME_found	SUCCESS
ELO1	YJL196C	ELO1	ELO1	853243	ELO1	GENENAME_found	SUCCESS
PDR12	YPL058C	PDR12	PDR12	856049	PDR12	GENENAME_found	SUCCESS
IDH1	YNL037C	IDH1	IDH1	855691	IDH1	GENENAME_found	SUCCESS
CUE5	YOR042W	CUE5	CUE5	854206	CUE5	GENENAME_found	SUCCESS
MRX3	YBL095W	MRX3	MRX3	852181	MRX3	GENENAME_found	SUCCESS
RPL25	YOL127W	RPL25	RPL25	853993	RPL25	GENENAME_found	SUCCESS
NOP13	YNL175C	NOP13	NOP13	855547	NOP13	GENENAME_found	SUCCESS
UFD1	YGR048W	UFD1	UFD1	852939	UFD1	GENENAME_found	SUCCESS
TRM5	YHR070W	TRM5	TRM5	856467	TRM5	GENENAME_found	SUCCESS
MEU1	YLR017W	MEU1	MEU1	850704	MEU1	GENENAME_found	SUCCESS
CDC55	YGL190C	CDC55	CDC55	852685	CDC55	GENENAME_found	SUCCESS
YGR210C	YGR210C	NA	NA	853124	YGR210C	ORF_unchanged	SUCCESS
DAS2	YDR020C	DAS2	DAS2	851583	DAS2	GENENAME_found	SUCCESS
RDL1	YOR285W	RDL1	RDL1	854459	RDL1	GENENAME_found	SUCCESS
PDH1	YPR002W	PDH1	PDH1	856108	PDH1	GENENAME_found	SUCCESS
YPR174C	YPR174C	NA	NA	856304	YPR174C	ORF_unchanged	SUCCESS
CUE4	YML101C	CUE4	CUE4	854871	CUE4	GENENAME_found	SUCCESS
KRE5	YOR336W	KRE5	KRE5	854514	KRE5	GENENAME_found	SUCCESS
LRO1	YNR008W	LRO1	LRO1	855742	LRO1	GENENAME_found	SUCCESS
PMU1	YKL128C	PMU1	PMU1	853730	PMU1	GENENAME_found	SUCCESS
TOA2	YKL058W	TOA2	TOA2	853807	TOA2	GENENAME_found	SUCCESS
AIM3	YBR108W	AIM3	AIM3	852405	AIM3	GENENAME_found	SUCCESS
FMT1	YBL013W	FMT1	FMT1	852270	FMT1	GENENAME_found	SUCCESS
PMD1	YER132C	PMD1	PMD1	856869	PMD1	GENENAME_found	SUCCESS
RGD2	YFL047W	RGD2	RGD2	850497	RGD2	GENENAME_found	SUCCESS
PDR15	YDR406W	PDR15	PDR15	852015	PDR15	GENENAME_found	SUCCESS
WTM2	YOR229W	WTM2	WTM2	854404	WTM2	GENENAME_found	SUCCESS
INP53	YOR109W	INP53	INP53	854276	INP53	GENENAME_found	SUCCESS
MSC1	YML128C	MSC1	MSC1	854911	MSC1	GENENAME_found	SUCCESS
YGL185C	YGL185C	NA	NA	852690	YGL185C	ORF_unchanged	SUCCESS
SFT1	YKL006C-A	SFT1	SFT1	853863	SFT1	GENENAME_found	SUCCESS
YDR262W	YDR262W	NA	NA	851855	YDR262W	ORF_unchanged	SUCCESS
UTP7	YER082C	UTP7	UTP7	856815	UTP7	GENENAME_found	SUCCESS
TRS120	YDR407C	TRS120	TRS120	852016	TRS120	GENENAME_found	SUCCESS
ELP2	YGR200C	ELP2	ELP2	853114	ELP2	GENENAME_found	SUCCESS
SUI2	YJR007W	SUI2	SUI2	853463	SUI2	GENENAME_found	SUCCESS
UTP21	YLR409C	UTP21	UTP21	851125	UTP21	GENENAME_found	SUCCESS
CWC24	YLR323C	CWC24	CWC24	851033	CWC24	GENENAME_found	SUCCESS
DBP9	YLR276C	DBP9	DBP9	850982	DBP9	GENENAME_found	SUCCESS
MSL5	YLR116W	MSL5	MSL5	850807	MSL5	GENENAME_found	SUCCESS
YJU2	YKL095W	YJU2	YJU2	853767	YJU2	GENENAME_found	SUCCESS
NPL4	YBR170C	NPL4	NPL4	852468	NPL4	GENENAME_found	SUCCESS
SCT1	YBL011W	SCT1	SCT1	852271	SCT1	GENENAME_found	SUCCESS
RPP2B	YDR382W	RPP2B	RPP2B	851990	RPP2B	GENENAME_found	SUCCESS
CDC14	YFR028C	CDC14	CDC14	850585	CDC14	GENENAME_found	SUCCESS
GLE1	YDL207W	GLE1	GLE1	851320	GLE1	GENENAME_found	SUCCESS
RNY1	YPL123C	RNY1	RNY1	855980	RNY1	GENENAME_found	SUCCESS
PDC2	YDR081C	PDC2	PDC2	851654	PDC2	GENENAME_found	SUCCESS
RSM10	YDR041W	RSM10	RSM10	851611	RSM10	GENENAME_found	SUCCESS
PTI1	YGR156W	PTI1	PTI1	853060	PTI1	GENENAME_found	SUCCESS
BUL1	YMR275C	BUL1	BUL1	855318	BUL1	GENENAME_found	SUCCESS
YGR266W	YGR266W	NA	NA	853182	YGR266W	ORF_unchanged	SUCCESS
KIN28	YDL108W	KIN28	KIN28	851450	KIN28	GENENAME_found	SUCCESS
SVF1	YDR346C	SVF1	SVF1	851947	SVF1	GENENAME_found	SUCCESS
NMD2	YHR077C	NMD2	NMD2	856476	NMD2	GENENAME_found	SUCCESS
NOP53	YPL146C	NOP53	NOP53	855957	NOP53	GENENAME_found	SUCCESS
MRPL7	YDR237W	MRPL7	MRPL7	851823	MRPL7	GENENAME_found	SUCCESS
PRC1	YMR297W	PRC1	PRC1	855343	PRC1	GENENAME_found	SUCCESS
YPR172W	YPR172W	NA	NA	856302	YPR172W	ORF_unchanged	SUCCESS
NUD1	YOR373W	NUD1	NUD1	854555	NUD1	GENENAME_found	SUCCESS
PFK26	YIL107C	PFK26	PFK26	854699	PFK26	GENENAME_found	SUCCESS
FDC1	YDR539W	FDC1	FDC1	852152	FDC1	GENENAME_found	SUCCESS
POL3	YDL102W	POL3	POL3	851456	POL3	GENENAME_found	SUCCESS
NAM8	YHR086W	NAM8	NAM8	856486	NAM8	GENENAME_found	SUCCESS
RPL26B	YGR034W	RPL26B	RPL26B	852922	RPL26B	GENENAME_found	SUCCESS
FAP1	YNL023C	FAP1	FAP1	855708	FAP1	GENENAME_found	SUCCESS
SCO2	YBR024W	SCO2	SCO2	852312	SCO2	GENENAME_found	SUCCESS
AIR2	YDL175C	AIR2	AIR2	851379	AIR2	GENENAME_found	SUCCESS
ILV1	YER086W	ILV1	ILV1	856819	ILV1	GENENAME_found	SUCCESS
YPS1	YLR120C	YPS1	YPS1	850811	YPS1	GENENAME_found	SUCCESS
COX6	YHR051W	COX6	COX6	856448	COX6	GENENAME_found	SUCCESS
DUG2	YBR281C	DUG2	DUG2	852584	DUG2	GENENAME_found	SUCCESS
VPS16	YPL045W	VPS16	VPS16	856062	VPS16	GENENAME_found	SUCCESS
ENP2	YGR145W	ENP2	ENP2	853048	ENP2	GENENAME_found	SUCCESS
ADR1	YDR216W	ADR1	ADR1	851802	ADR1	GENENAME_found	SUCCESS
EAF3	YPR023C	EAF3	EAF3	856134	EAF3	GENENAME_found	SUCCESS
CIC1	YHR052W	CIC1	CIC1	856449	CIC1	GENENAME_found	SUCCESS
GSC2	YGR032W	GSC2	GSC2	852920	GSC2	GENENAME_found	SUCCESS
THR1	YHR025W	THR1	THR1	856420	THR1	GENENAME_found	SUCCESS
IML1	YJR138W	IML1	IML1	853603	IML1	GENENAME_found	SUCCESS
TAZ1	YPR140W	TAZ1	TAZ1	856262	TAZ1	GENENAME_found	SUCCESS
ATP14	YLR295C	ATP14	ATP14	851002	ATP14	GENENAME_found	SUCCESS
MMS2	YGL087C	MMS2	MMS2	852793	MMS2	GENENAME_found	SUCCESS
DPH5	YLR172C	DPH5	DPH5	850869	DPH5	GENENAME_found	SUCCESS
RTN1	YDR233C	RTN1	RTN1	851819	RTN1	GENENAME_found	SUCCESS
IDP3	YNL009W	IDP3	IDP3	855723	IDP3	GENENAME_found	SUCCESS
ALG1	YBR110W	ALG1	ALG1	852407	ALG1	GENENAME_found	SUCCESS
TUM1	YOR251C	TUM1	TUM1	854425	TUM1	GENENAME_found	SUCCESS
POL30	YBR088C	POL30	POL30	852385	POL30	GENENAME_found	SUCCESS
LSC2	YGR244C	LSC2	LSC2	853159	LSC2	GENENAME_found	SUCCESS
URA8	YJR103W	URA8	URA8	853567	URA8	GENENAME_found	SUCCESS
EMP24	YGL200C	EMP24	EMP24	852675	EMP24	GENENAME_found	SUCCESS
RSC8	YFR037C	RSC8	RSC8	850598	RSC8	GENENAME_found	SUCCESS
GAR1	YHR089C	GAR1	GAR1	856489	GAR1	GENENAME_found	SUCCESS
RCN2	YOR220W	RCN2	RCN2	854395	RCN2	GENENAME_found	SUCCESS
UBA2	YDR390C	UBA2	UBA2	851998	UBA2	GENENAME_found	SUCCESS
SRM1	YGL097W	SRM1	SRM1	852782	SRM1	GENENAME_found	SUCCESS
WBP1	YEL002C	WBP1	WBP1	856716	WBP1	GENENAME_found	SUCCESS
TDA10	YGR205W	TDA10	TDA10	853119	TDA10	GENENAME_found	SUCCESS
CAT5	YOR125C	CAT5	CAT5	854292	CAT5	GENENAME_found	SUCCESS
NOT3	YIL038C	NOT3	NOT3	854773	NOT3	GENENAME_found	SUCCESS
ALO1	YML086C	ALO1	ALO1	854888	ALO1	GENENAME_found	SUCCESS
SRV2	YNL138W	SRV2	SRV2	855584	SRV2	GENENAME_found	SUCCESS
RPN8	YOR261C	RPN8	RPN8	854435	RPN8	GENENAME_found	SUCCESS
EFM5	YGR001C	EFM5	EFM5	852884	EFM5	GENENAME_found	SUCCESS
APE3	YBR286W	APE3	APE3	852589	APE3	GENENAME_found	SUCCESS
LAM5	YFL042C	LAM5	LAM5	850501	LAM5	GENENAME_found	SUCCESS
MBB1	YJL199C	MBB1	MBB1	853240	MBB1	GENENAME_found	SUCCESS
DUO1	YGL061C	DUO1	DUO1	852819	DUO1	GENENAME_found	SUCCESS
SNQ2	YDR011W	SNQ2	SNQ2	851574	SNQ2	GENENAME_found	SUCCESS
PTC7	YHR076W	PTC7	PTC7	856475	PTC7	GENENAME_found	SUCCESS
RSC2	YLR357W	RSC2	RSC2	851071	RSC2	GENENAME_found	SUCCESS
CDC4	YFL009W	CDC4	CDC4	850539	CDC4	GENENAME_found	SUCCESS
TGL1	YKL140W	TGL1	TGL1	853717	TGL1	GENENAME_found	SUCCESS
RPD3	YNL330C	RPD3	RPD3	855386	RPD3	GENENAME_found	SUCCESS
TAF5	YBR198C	TAF5	TAF5	852497	TAF5	GENENAME_found	SUCCESS
HEM12	YDR047W	HEM12	HEM12	851617	HEM12	GENENAME_found	SUCCESS
SWI3	YJL176C	SWI3	SWI3	853264	SWI3	GENENAME_found	SUCCESS
GOR1	YNL274C	GOR1	GOR1	855447	GOR1	GENENAME_found	SUCCESS
MET10	YFR030W	MET10	MET10	850588	MET10	GENENAME_found	SUCCESS
PHO90	YJL198W	PHO90	PHO90	853241	PHO90	GENENAME_found	SUCCESS
YBR056W	YBR056W	NA	NA	852346	YBR056W	ORF_unchanged	SUCCESS
COQ8	YGL119W	COQ8	COQ8	852758	COQ8	GENENAME_found	SUCCESS
PIN4	YBL051C	PIN4	PIN4	852229	PIN4	GENENAME_found	SUCCESS
ARL3	YPL051W	ARL3	ARL3	856056	ARL3	GENENAME_found	SUCCESS
RIA1	YNL163C	RIA1	RIA1	855558	RIA1	GENENAME_found	SUCCESS
CCS1	YMR038C	CCS1	CCS1	855054	CCS1	GENENAME_found	SUCCESS
POL12	YBL035C	POL12	POL12	852245	POL12	GENENAME_found	SUCCESS
ATG27	YJL178C	ATG27	ATG27	853261	ATG27	GENENAME_found	SUCCESS
DED81	YHR019C	DED81	DED81	856412	DED81	GENENAME_found	SUCCESS
ERG2	YMR202W	ERG2	ERG2	855242	ERG2	GENENAME_found	SUCCESS
LYS4	YDR234W	LYS4	LYS4	851820	LYS4	GENENAME_found	SUCCESS
HEM13	YDR044W	HEM13	HEM13	851614	HEM13	GENENAME_found	SUCCESS
RSF2	YJR127C	RSF2	RSF2	853592	RSF2	GENENAME_found	SUCCESS
LAS17	YOR181W	LAS17	LAS17	854353	LAS17	GENENAME_found	SUCCESS
HEM14	YER014W	HEM14	HEM14	856733	HEM14	GENENAME_found	SUCCESS
CCR4	YAL021C	CCR4	CCR4	851212	CCR4	GENENAME_found	SUCCESS
ARF3	YOR094W	ARF3	ARF3	854261	ARF3	GENENAME_found	SUCCESS
DSE4	YNR067C	DSE4	DSE4	855804	DSE4	GENENAME_found	SUCCESS
GTT1	YIR038C	GTT1	GTT1	854856	GTT1	GENENAME_found	SUCCESS
RIF1	YBR275C	RIF1	RIF1	852578	RIF1	GENENAME_found	SUCCESS
PMT2	YAL023C	PMT2	PMT2	851210	PMT2	GENENAME_found	SUCCESS
CHO2	YGR157W	CHO2	CHO2	853061	CHO2	GENENAME_found	SUCCESS
PHO3	YBR092C	PHO3	PHO3	852389	PHO3	GENENAME_found	SUCCESS
ATP3	YBR039W	ATP3	ATP3	852327	ATP3	GENENAME_found	SUCCESS
DPB4	YDR121W	DPB4	DPB4	851699	DPB4	GENENAME_found	SUCCESS
ARG7	YMR062C	ARG7	ARG7	855084	ARG7	GENENAME_found	SUCCESS
SAK1	YER129W	SAK1	SAK1	856866	SAK1	GENENAME_found	SUCCESS
SYP1	YCR030C	SYP1	SYP1	850396	SYP1	GENENAME_found	SUCCESS
ADI1	YMR009W	ADI1	ADI1	855021	ADI1	GENENAME_found	SUCCESS
ENT2	YLR206W	ENT2	ENT2	850903	ENT2	GENENAME_found	SUCCESS
SDH7	YDR511W	SDH7	SDH7	852123	SDH7	GENENAME_found	SUCCESS
DSS4	YPR017C	DSS4	DSS4	856128	DSS4	GENENAME_found	SUCCESS
RCM1	YNL022C	RCM1	RCM1	855709	RCM1	GENENAME_found	SUCCESS
TRM732	YMR259C	TRM732	TRM732	855301	TRM732	GENENAME_found	SUCCESS
MET7	YOR241W	MET7	MET7	854415	MET7	GENENAME_found	SUCCESS
FIS1	YIL065C	FIS1	FIS1	854745	FIS1	GENENAME_found	SUCCESS
PUF6	YDR496C	PUF6	PUF6	852107	PUF6	GENENAME_found	SUCCESS
TRM44	YPL030W	TRM44	TRM44	856077	TRM44	GENENAME_found	SUCCESS
NFS1	YCL017C	NFS1	NFS1	850343	NFS1	GENENAME_found	SUCCESS
LTV1	YKL143W	LTV1	LTV1	853714	LTV1	GENENAME_found	SUCCESS
RRP42	YDL111C	RRP42	RRP42	851447	RRP42	GENENAME_found	SUCCESS
MET22	YOL064C	MET22	MET22	854090	MET22	GENENAME_found	SUCCESS
DOS2	YDR068W	DOS2	DOS2	851640	DOS2	GENENAME_found	SUCCESS
RGA2	YDR379W	RGA2	RGA2	851985	RGA2	GENENAME_found	SUCCESS
LEA1	YPL213W	LEA1	LEA1	855888	LEA1	GENENAME_found	SUCCESS
MCX1	YBR227C	MCX1	MCX1	852528	MCX1	GENENAME_found	SUCCESS
ERG5	YMR015C	ERG5	ERG5	855029	ERG5	GENENAME_found	SUCCESS
NMD3	YHR170W	NMD3	NMD3	856575	NMD3	GENENAME_found	SUCCESS
ARP8	YOR141C	ARP8	ARP8	854309	ARP8	GENENAME_found	SUCCESS
HOC1	YJR075W	HOC1	HOC1	853538	HOC1	GENENAME_found	SUCCESS
YTA12	YMR089C	YTA12	YTA12	855114	YTA12	GENENAME_found	SUCCESS
DIP5	YPL265W	DIP5	DIP5	855863	DIP5	GENENAME_found	SUCCESS
NOT5	YPR072W	NOT5	NOT5	856186	NOT5	GENENAME_found	SUCCESS
YVC1	YOR087W	YVC1	YVC1	854255	YVC1	GENENAME_found	SUCCESS
YCK1	YHR135C	YCK1	YCK1	856537	YCK1	GENENAME_found	SUCCESS
CHZ1	YER030W	CHZ1	CHZ1	856752	CHZ1	GENENAME_found	SUCCESS
MRPL17	YNL252C	MRPL17	MRPL17	855469	MRPL17	GENENAME_found	SUCCESS
TOM22	YNL131W	TOM22	TOM22	855592	TOM22	GENENAME_found	SUCCESS
PMT6	YGR199W	PMT6	PMT6	853113	PMT6	GENENAME_found	SUCCESS
TAF3	YPL011C	TAF3	TAF3	856096	TAF3	GENENAME_found	SUCCESS
PMT4	YJR143C	PMT4	PMT4	853608	PMT4	GENENAME_found	SUCCESS
KRI1	YNL308C	KRI1	KRI1	855408	KRI1	GENENAME_found	SUCCESS
PAH1	YMR165C	PAH1	PAH1	855201	PAH1	GENENAME_found	SUCCESS
YOR097C	YOR097C	NA	NA	854264	YOR097C	ORF_unchanged	SUCCESS
CYB5	YNL111C	CYB5	CYB5	855612	CYB5	GENENAME_found	SUCCESS
ETR1	YBR026C	ETR1	ETR1	852314	ETR1	GENENAME_found	SUCCESS
RPL9A	YGL147C	RPL9A	RPL9A	852730	RPL9A	GENENAME_found	SUCCESS
YMR31	YFR049W	YMR31	YMR31	850610	YMR31	GENENAME_found	SUCCESS
PGA3	YML125C	PGA3	PGA3	854914	PGA3	GENENAME_found	SUCCESS
GLO4	YOR040W	GLO4	GLO4	854205	GLO4	GENENAME_found	SUCCESS
NCP1	YHR042W	NCP1	NCP1	856438	NCP1	GENENAME_found	SUCCESS
BUG1	YDL099W	BUG1	BUG1	851459	BUG1	GENENAME_found	SUCCESS
YTA7	YGR270W	YTA7	YTA7	853186	YTA7	GENENAME_found	SUCCESS
IST3	YIR005W	IST3	IST3	854821	IST3	GENENAME_found	SUCCESS
CMR1	YDL156W	CMR1	CMR1	851399	CMR1	GENENAME_found	SUCCESS
DDP1	YOR163W	DDP1	DDP1	854334	DDP1	GENENAME_found	SUCCESS
TPA1	YER049W	TPA1	TPA1	856775	TPA1	GENENAME_found	SUCCESS
PSG1	NA	NA	NA	NA	PSG1	MANUAL_LOOKUP	SUCCESS
YSH1	YLR277C	YSH1	YSH1	850983	YSH1	GENENAME_found	SUCCESS
HNT2	YDR305C	HNT2	HNT2	851899	HNT2	GENENAME_found	SUCCESS
SUI1	YNL244C	SUI1	SUI1	855477	SUI1	GENENAME_found	SUCCESS
ARO10	YDR380W	ARO10	ARO10	851987	ARO10	GENENAME_found	SUCCESS
NPL3	YDR432W	NPL3	NPL3	852042	NPL3	GENENAME_found	SUCCESS
COG5	YNL051W	COG5	COG5	855676	COG5	GENENAME_found	SUCCESS
VTC3	YPL019C	VTC3	VTC3	856088	VTC3	GENENAME_found	SUCCESS
GGC1	YDL198C	GGC1	GGC1	851329	GGC1	GENENAME_found	SUCCESS
YBR197C	YBR197C	NA	NA	852496	YBR197C	ORF_unchanged	SUCCESS
YBL055C	YBL055C	NA	NA	852225	YBL055C	ORF_unchanged	SUCCESS
YJL049W	YJL049W	CHM7	CHM7	853398	CHM7	ORF_to_GENENAME	SUCCESS
NUP120	YKL057C	NUP120	NUP120	853808	NUP120	GENENAME_found	SUCCESS
KSP1	YHR082C	KSP1	KSP1	856482	KSP1	GENENAME_found	SUCCESS
SMD1	YGR074W	SMD1	SMD1	852964	SMD1	GENENAME_found	SUCCESS
ANP1	YEL036C	ANP1	ANP1	856675	ANP1	GENENAME_found	SUCCESS
LYS21	YDL131W	LYS21	LYS21	851425	LYS21	GENENAME_found	SUCCESS
FYV8	YGR196C	FYV8	FYV8	853110	FYV8	GENENAME_found	SUCCESS
KRR1	YCL059C	KRR1	KRR1	850298	KRR1	GENENAME_found	SUCCESS
PSH1	YOL054W	PSH1	PSH1	854102	PSH1	GENENAME_found	SUCCESS
GYP7	YDL234C	GYP7	GYP7	851364	GYP7	GENENAME_found	SUCCESS
NCR1	YPL006W	NCR1	NCR1	856101	NCR1	GENENAME_found	SUCCESS
YGR017W	YGR017W	NA	NA	852900	YGR017W	ORF_unchanged	SUCCESS
HSP31	YDR533C	HSP31	HSP31	852146	HSP31	GENENAME_found	SUCCESS
EMP47	YFL048C	EMP47	EMP47	850496	EMP47	GENENAME_found	SUCCESS
HXK1	YFR053C	HXK1	HXK1	850614	HXK1	GENENAME_found	SUCCESS
PCF11	YDR228C	PCF11	PCF11	851814	PCF11	GENENAME_found	SUCCESS
CIR1	YGR207C	CIR1	CIR1	853121	CIR1	GENENAME_found	SUCCESS
STT3	YGL022W	STT3	STT3	852862	STT3	GENENAME_found	SUCCESS
YGR054W	YGR054W	NA	NA	852945	YGR054W	ORF_unchanged	SUCCESS
TIF11	YMR260C	TIF11	TIF11	855302	TIF11	GENENAME_found	SUCCESS
TSR4	YOL022C	TSR4	TSR4	854136	TSR4	GENENAME_found	SUCCESS
YTA6	YPL074W	YTA6	YTA6	856031	YTA6	GENENAME_found	SUCCESS
KAE1	YKR038C	KAE1	KAE1	853910	KAE1	GENENAME_found	SUCCESS
CAB3	YKL088W	CAB3	CAB3	853774	CAB3	GENENAME_found	SUCCESS
YCR102C	YCR102C	NA	NA	850466	YCR102C	ORF_unchanged	SUCCESS
AKL1	YBR059C	AKL1	AKL1	852351	AKL1	GENENAME_found	SUCCESS
URN1	YPR152C	URN1	URN1	856275	URN1	GENENAME_found	SUCCESS
YPK2	YMR104C	YPK2	YPK2	855130	YPK2	GENENAME_found	SUCCESS
SDH6	YDR379C-A	SDH6	SDH6	851986	SDH6	GENENAME_found	SUCCESS
POR2	YIL114C	POR2	POR2	854692	POR2	GENENAME_found	SUCCESS
PPE1	YHR075C	PPE1	PPE1	856474	PPE1	GENENAME_found	SUCCESS
YIM1	YMR152W	YIM1	YIM1	855183	YIM1	GENENAME_found	SUCCESS
RRD2	YPL152W	RRD2	RRD2	855951	RRD2	GENENAME_found	SUCCESS
TRZ1	YKR079C	TRZ1	TRZ1	853954	TRZ1	GENENAME_found	SUCCESS
BYE1	YKL005C	BYE1	BYE1	853865	BYE1	GENENAME_found	SUCCESS
GPB1	YOR371C	GPB1	GPB1	854553	GPB1	GENENAME_found	SUCCESS
SCS7	YMR272C	SCS7	SCS7	855315	SCS7	GENENAME_found	SUCCESS
YRB2	YIL063C	YRB2	YRB2	854747	YRB2	GENENAME_found	SUCCESS
SIS1	YNL007C	SIS1	SIS1	855725	SIS1	GENENAME_found	SUCCESS
YML131W	YML131W	NA	NA	854908	YML131W	ORF_unchanged	SUCCESS
PEX19	YDL065C	PEX19	PEX19	851494	PEX19	GENENAME_found	SUCCESS
YBR085C-A	YBR085C-A	NA	NA	852381	YBR085C-A	ORF_unchanged	SUCCESS
BRE5	YNR051C	BRE5	BRE5	855787	BRE5	GENENAME_found	SUCCESS
AIM17	YHL021C	AIM17	AIM17	856365	AIM17	GENENAME_found	SUCCESS
MRD1	YPR112C	MRD1	MRD1	856228	MRD1	GENENAME_found	SUCCESS
YER079W	YER079W	NA	NA	856812	YER079W	ORF_unchanged	SUCCESS
MNL2	YLR057W	MNL2	MNL2	850746	MNL2	GENENAME_found	SUCCESS
ATG33	YLR356W	ATG33	ATG33	851070	ATG33	GENENAME_found	SUCCESS
YSA1	YBR111C	YSA1	YSA1	852408	YSA1	GENENAME_found	SUCCESS
SCC2	YDR180W	SCC2	SCC2	851761	SCC2	GENENAME_found	SUCCESS
GNT1	YOR320C	GNT1	GNT1	854498	GNT1	GENENAME_found	SUCCESS
YKL100C	YKL100C	YPF1	YPF1	853761	YPF1	ORF_to_GENENAME	SUCCESS
YLR352W	YLR352W	NA	NA	851066	YLR352W	ORF_unchanged	SUCCESS
STE4	YOR212W	STE4	STE4	854387	STE4	GENENAME_found	SUCCESS
ECM19	YLR390W	ECM19	ECM19	851106	ECM19	GENENAME_found	SUCCESS
RFC4	YOL094C	RFC4	RFC4	854059	RFC4	GENENAME_found	SUCCESS
SAC1	YKL212W	SAC1	SAC1	853668	SAC1	GENENAME_found	SUCCESS
GID8	YMR135C	GID8	GID8	855166	GID8	GENENAME_found	SUCCESS
TEF1	YPR080W	TEF1	TEF1	856195	TEF1	GENENAME_found	SUCCESS
YKL091C	YKL091C	NA	NA	853771	YKL091C	ORF_unchanged	SUCCESS
CYM1	YDR430C	CYM1	CYM1	852041	CYM1	GENENAME_found	SUCCESS
HRT3	YLR097C	HRT3	HRT3	850786	HRT3	GENENAME_found	SUCCESS
GON7	YJL184W	GON7	GON7	853255	GON7	GENENAME_found	SUCCESS
CWP1	YKL096W	CWP1	CWP1	853766	CWP1	GENENAME_found	SUCCESS
SPT15	YER148W	SPT15	SPT15	856891	SPT15	GENENAME_found	SUCCESS
CIS3	YJL158C	CIS3	CIS3	853282	CIS3	GENENAME_found	SUCCESS
YER134C	YER134C	NA	NA	856873	YER134C	ORF_unchanged	SUCCESS
HFD1	YMR110C	HFD1	HFD1	855137	HFD1	GENENAME_found	SUCCESS
YJL070C	YJL070C	NA	NA	853375	YJL070C	ORF_unchanged	SUCCESS
URA5	YML106W	URA5	URA5	854865	URA5	GENENAME_found	SUCCESS
MRPS17	YMR188C	MRPS17	MRPS17	855226	MRPS17	GENENAME_found	SUCCESS
EHD3	YDR036C	EHD3	EHD3	851606	EHD3	GENENAME_found	SUCCESS
GYP1	YOR070C	GYP1	GYP1	854236	GYP1	GENENAME_found	SUCCESS
UBC9	YDL064W	UBC9	UBC9	851495	UBC9	GENENAME_found	SUCCESS
MRP7	YNL005C	MRP7	MRP7	855727	MRP7	GENENAME_found	SUCCESS
YFH7	YFR007W	YFH7	YFH7	850558	YFH7	GENENAME_found	SUCCESS
KTR3	YBR205W	KTR3	KTR3	852504	KTR3	GENENAME_found	SUCCESS
HMT1	YBR034C	HMT1	HMT1	852322	HMT1	GENENAME_found	SUCCESS
SHE3	YBR130C	SHE3	SHE3	852427	SHE3	GENENAME_found	SUCCESS
YKR070W	YKR070W	NA	NA	853944	YKR070W	ORF_unchanged	SUCCESS
GEA1	YJR031C	GEA1	GEA1	853488	GEA1	GENENAME_found	SUCCESS
NOP7	YGR103W	NOP7	NOP7	852995	NOP7	GENENAME_found	SUCCESS
CDC21	YOR074C	CDC21	CDC21	854241	CDC21	GENENAME_found	SUCCESS
TIM54	YJL054W	TIM54	TIM54	853392	TIM54	GENENAME_found	SUCCESS
TRM7	YBR061C	TRM7	TRM7	852353	TRM7	GENENAME_found	SUCCESS
TIM50	YPL063W	TIM50	TIM50	856042	TIM50	GENENAME_found	SUCCESS
NOG1	YPL093W	NOG1	NOG1	856012	NOG1	GENENAME_found	SUCCESS
SVL3	YPL032C	SVL3	SVL3	856075	SVL3	GENENAME_found	SUCCESS
POL5	YEL055C	POL5	POL5	856655	POL5	GENENAME_found	SUCCESS
TDH1	YJL052W	TDH1	TDH1	853395	TDH1	GENENAME_found	SUCCESS
BDF2	YDL070W	BDF2	BDF2	851488	BDF2	GENENAME_found	SUCCESS
CAF16	YFL028C	CAF16	CAF16	850516	CAF16	GENENAME_found	SUCCESS
GCD14	YJL125C	GCD14	GCD14	853317	GCD14	GENENAME_found	SUCCESS
ALY2	YJL084C	ALY2	ALY2	853361	ALY2	GENENAME_found	SUCCESS
RTT103	YDR289C	RTT103	RTT103	851884	RTT103	GENENAME_found	SUCCESS
ISA2	YPR067W	ISA2	ISA2	856180	ISA2	GENENAME_found	SUCCESS
YDJ1	YNL064C	YDJ1	YDJ1	855661	YDJ1	GENENAME_found	SUCCESS
YCK2	YNL154C	YCK2	YCK2	855568	YCK2	GENENAME_found	SUCCESS
HRR25	YPL204W	HRR25	HRR25	855897	HRR25	GENENAME_found	SUCCESS
CBK1	YNL161W	CBK1	CBK1	855561	CBK1	GENENAME_found	SUCCESS
DUN1	YDL101C	DUN1	DUN1	851457	DUN1	GENENAME_found	SUCCESS
YIL002W-A	YIL002W-A	NA	NA	1466493	YIL002W-A	ORF_unchanged	SUCCESS
PUF2	YPR042C	PUF2	PUF2	856155	PUF2	GENENAME_found	SUCCESS
STE11	YLR362W	STE11	STE11	851076	STE11	GENENAME_found	SUCCESS
MPE1	YKL059C	MPE1	MPE1	853806	MPE1	GENENAME_found	SUCCESS
YPK3	YBR028C	YPK3	YPK3	852316	YPK3	GENENAME_found	SUCCESS
AYR1	YIL124W	AYR1	AYR1	854682	AYR1	GENENAME_found	SUCCESS
TAF4	YMR005W	TAF4	TAF4	855017	TAF4	GENENAME_found	SUCCESS
UTP25	YIL091C	UTP25	UTP25	854717	UTP25	GENENAME_found	SUCCESS
SNZ1	YMR096W	SNZ1	SNZ1	855121	SNZ1	GENENAME_found	SUCCESS
UTP13	YLR222C	UTP13	UTP13	850919	UTP13	GENENAME_found	SUCCESS
ASP1	YDR321W	ASP1	ASP1	851920	ASP1	GENENAME_found	SUCCESS
MGR3	YMR115W	MGR3	MGR3	855142	MGR3	GENENAME_found	SUCCESS
YHR127W	YHR127W	NA	NA	856528	YHR127W	ORF_unchanged	SUCCESS
CST26	YBR042C	CST26	CST26	852330	CST26	GENENAME_found	SUCCESS
EGT2	YNL327W	EGT2	EGT2	855389	EGT2	GENENAME_found	SUCCESS
YBP1	YBR216C	YBP1	YBP1	852517	YBP1	GENENAME_found	SUCCESS
ALE1	YOR175C	ALE1	ALE1	854346	ALE1	GENENAME_found	SUCCESS
NIF3	YGL221C	NIF3	NIF3	852651	NIF3	GENENAME_found	SUCCESS
NET1	YJL076W	NET1	NET1	853369	NET1	GENENAME_found	SUCCESS
DCP2	YNL118C	DCP2	DCP2	855605	DCP2	GENENAME_found	SUCCESS
NOP6	YDL213C	NOP6	NOP6	851313	NOP6	GENENAME_found	SUCCESS
ZDS1	YMR273C	ZDS1	ZDS1	855316	ZDS1	GENENAME_found	SUCCESS
MSI1	YBR195C	MSI1	MSI1	852494	MSI1	GENENAME_found	SUCCESS
MTC1	YJL123C	MTC1	MTC1	853319	MTC1	GENENAME_found	SUCCESS
MRP17	YKL003C	MRP17	MRP17	853867	MRP17	GENENAME_found	SUCCESS
MIC12	YBR262C	MIC12	MIC12	852566	MIC12	GENENAME_found	SUCCESS
EBP2	YKL172W	EBP2	EBP2	853682	EBP2	GENENAME_found	SUCCESS
SER3	YER081W	SER3	SER3	856814	SER3	GENENAME_found	SUCCESS
IGD1	YFR017C	IGD1	IGD1	850572	IGD1	GENENAME_found	SUCCESS
UNG1	YML021C	UNG1	UNG1	854987	UNG1	GENENAME_found	SUCCESS
COQ5	YML110C	COQ5	COQ5	854930	COQ5	GENENAME_found	SUCCESS
ERV46	YAL042W	ERV46	ERV46	851256	ERV46	GENENAME_found	SUCCESS
SMC3	YJL074C	SMC3	SMC3	853371	SMC3	GENENAME_found	SUCCESS
PTK2	YJR059W	PTK2	PTK2	853522	PTK2	GENENAME_found	SUCCESS
HIS4	YCL030C	HIS4	HIS4	850327	HIS4	GENENAME_found	SUCCESS
YLH47	YPR125W	YLH47	YLH47	856243	YLH47	GENENAME_found	SUCCESS
MRPL13	YKR006C	MRPL13	MRPL13	853875	MRPL13	GENENAME_found	SUCCESS
UBC1	YDR177W	UBC1	UBC1	851757	UBC1	GENENAME_found	SUCCESS
RPH1	YER169W	RPH1	RPH1	856916	RPH1	GENENAME_found	SUCCESS
YAT1	YAR035W	YAT1	YAT1	851285	YAT1	GENENAME_found	SUCCESS
COQ6	YGR255C	COQ6	COQ6	853170	COQ6	GENENAME_found	SUCCESS
CPS1	YJL172W	CPS1	CPS1	853267	CPS1	GENENAME_found	SUCCESS
NAN1	YPL126W	NAN1	NAN1	855977	NAN1	GENENAME_found	SUCCESS
RSC6	YCR052W	RSC6	RSC6	850419	RSC6	GENENAME_found	SUCCESS
GPP1	YIL053W	GPP1	GPP1	854758	GPP1	GENENAME_found	SUCCESS
GPP2	YER062C	GPP2	GPP2	856791	GPP2	GENENAME_found	SUCCESS
UTP5	YDR398W	UTP5	UTP5	852007	UTP5	GENENAME_found	SUCCESS
SXM1	YDR395W	SXM1	SXM1	852004	SXM1	GENENAME_found	SUCCESS
RCF1	YML030W	RCF1	RCF1	854978	RCF1	GENENAME_found	SUCCESS
SDO1	YLR022C	SDO1	SDO1	850709	SDO1	GENENAME_found	SUCCESS
BNI5	YNL166C	BNI5	BNI5	855555	BNI5	GENENAME_found	SUCCESS
SSO1	YPL232W	SSO1	SSO1	855844	SSO1	GENENAME_found	SUCCESS
BUD20	YLR074C	BUD20	BUD20	850763	BUD20	GENENAME_found	SUCCESS
FAR11	YNL127W	FAR11	FAR11	855596	FAR11	GENENAME_found	SUCCESS
RSC3	YDR303C	RSC3	RSC3	851897	RSC3	GENENAME_found	SUCCESS
BUD2	YKL092C	BUD2	BUD2	853770	BUD2	GENENAME_found	SUCCESS
NNF2	YGR089W	NNF2	NNF2	852980	NNF2	GENENAME_found	SUCCESS
CUZ1	YNL155W	CUZ1	CUZ1	855567	CUZ1	GENENAME_found	SUCCESS
SDS3	YIL084C	SDS3	SDS3	854725	SDS3	GENENAME_found	SUCCESS
NNT1	YLR285W	NNT1	NNT1	850991	NNT1	GENENAME_found	SUCCESS
YLF2	YHL014C	YLF2	YLF2	856372	YLF2	GENENAME_found	SUCCESS
POP1	YNL221C	POP1	POP1	855500	POP1	GENENAME_found	SUCCESS
SNX4	YJL036W	SNX4	SNX4	853416	SNX4	GENENAME_found	SUCCESS
DSF2	YBR007C	DSF2	DSF2	852292	DSF2	GENENAME_found	SUCCESS
MLP1	YKR095W	MLP1	MLP1	853970	MLP1	GENENAME_found	SUCCESS
MUK1	YPL070W	MUK1	MUK1	856035	MUK1	GENENAME_found	SUCCESS
ARP7	YPR034W	ARP7	ARP7	856146	ARP7	GENENAME_found	SUCCESS
AIM29	YKR074W	AIM29	AIM29	853949	AIM29	GENENAME_found	SUCCESS
TOR1	YJR066W	TOR1	TOR1	853529	TOR1	GENENAME_found	SUCCESS
VPS64	YDR200C	VPS64	VPS64	851781	VPS64	GENENAME_found	SUCCESS
GAS5	YOL030W	GAS5	GAS5	854127	GAS5	GENENAME_found	SUCCESS
FET3	YMR058W	FET3	FET3	855080	FET3	GENENAME_found	SUCCESS
GRX1	YCL035C	GRX1	GRX1	850322	GRX1	GENENAME_found	SUCCESS
PAN3	YKL025C	PAN3	PAN3	853843	PAN3	GENENAME_found	SUCCESS
YLL032C	YLL032C	NA	NA	850627	YLL032C	ORF_unchanged	SUCCESS
KCC4	YCL024W	KCC4	KCC4	850334	KCC4	GENENAME_found	SUCCESS
ADE4	YMR300C	ADE4	ADE4	855346	ADE4	GENENAME_found	SUCCESS
ARE2	YNR019W	ARE2	ARE2	855753	ARE2	GENENAME_found	SUCCESS
MGE1	YOR232W	MGE1	MGE1	854407	MGE1	GENENAME_found	SUCCESS
YPK1	YKL126W	YPK1	YPK1	853733	YPK1	GENENAME_found	SUCCESS
YGL039W	YGL039W	NA	NA	852844	YGL039W	ORF_unchanged	SUCCESS
ARE1	YCR048W	ARE1	ARE1	850415	ARE1	GENENAME_found	SUCCESS
UBP1	YDL122W	UBP1	UBP1	851435	UBP1	GENENAME_found	SUCCESS
ECM32	YER176W	ECM32	ECM32	856923	ECM32	GENENAME_found	SUCCESS
SSO2	YMR183C	SSO2	SSO2	855221	SSO2	GENENAME_found	SUCCESS
RPS9A	YPL081W	RPS9A	RPS9A	856024	RPS9A	GENENAME_found	SUCCESS
RPC19	YNL113W	RPC19	RPC19	855609	RPC19	GENENAME_found	SUCCESS
IRA2	YOL081W	IRA2	IRA2	854073	IRA2	GENENAME_found	SUCCESS
LOC1	YFR001W	LOC1	LOC1	850551	LOC1	GENENAME_found	SUCCESS
TUF1	YOR187W	TUF1	TUF1	854359	TUF1	GENENAME_found	SUCCESS
MFB1	YDR219C	MFB1	MFB1	851805	MFB1	GENENAME_found	SUCCESS
GCN5	YGR252W	GCN5	GCN5	853167	GCN5	GENENAME_found	SUCCESS
RXT2	YBR095C	RXT2	RXT2	852392	RXT2	GENENAME_found	SUCCESS
DCS2	YOR173W	DCS2	DCS2	854344	DCS2	GENENAME_found	SUCCESS
UTP6	YDR449C	UTP6	UTP6	852060	UTP6	GENENAME_found	SUCCESS
RSA4	YCR072C	RSA4	RSA4	850435	RSA4	GENENAME_found	SUCCESS
ROX1	YPR065W	ROX1	ROX1	856178	ROX1	GENENAME_found	SUCCESS
RRP9	YPR137W	RRP9	RRP9	856255	RRP9	GENENAME_found	SUCCESS
BUD4	YJR092W	BUD4	BUD4	853554	BUD4	GENENAME_found	SUCCESS
ATP7	YKL016C	ATP7	ATP7	853853	ATP7	GENENAME_found	SUCCESS
SIN4	YNL236W	SIN4	SIN4	855485	SIN4	GENENAME_found	SUCCESS
UFD4	YKL010C	UFD4	UFD4	853859	UFD4	GENENAME_found	SUCCESS
ERB1	YMR049C	ERB1	ERB1	855068	ERB1	GENENAME_found	SUCCESS
RPS26A	YGL189C	RPS26A	RPS26A	852686	RPS26A	GENENAME_found	SUCCESS
PCS60	YBR222C	PCS60	PCS60	852523	PCS60	GENENAME_found	SUCCESS
TAN1	YGL232W	TAN1	TAN1	852619	TAN1	GENENAME_found	SUCCESS
YPL150W	YPL150W	NA	NA	855953	YPL150W	ORF_unchanged	SUCCESS
NTC20	YBR188C	NTC20	NTC20	852486	NTC20	GENENAME_found	SUCCESS
RPB7	YDR404C	RPB7	RPB7	852013	RPB7	GENENAME_found	SUCCESS
GAL11	YOL051W	GAL11	GAL11	854106	GAL11	GENENAME_found	SUCCESS
GIP3	YPL137C	GIP3	GIP3	855967	GIP3	GENENAME_found	SUCCESS
RSM24	YDR175C	RSM24	RSM24	851755	RSM24	GENENAME_found	SUCCESS
SRC1	YML034W	SRC1	SRC1	854974	SRC1	GENENAME_found	SUCCESS
MMT2	YPL224C	MMT2	MMT2	855877	MMT2	GENENAME_found	SUCCESS
APS1	YLR170C	APS1	APS1	850868	APS1	GENENAME_found	SUCCESS
SMC4	YLR086W	SMC4	SMC4	850775	SMC4	GENENAME_found	SUCCESS
MGM1	YOR211C	MGM1	MGM1	854386	MGM1	GENENAME_found	SUCCESS
ICP55	YER078C	ICP55	ICP55	856811	ICP55	GENENAME_found	SUCCESS
PTC5	YOR090C	PTC5	PTC5	854257	PTC5	GENENAME_found	SUCCESS
HOS4	YIL112W	HOS4	HOS4	854694	HOS4	GENENAME_found	SUCCESS
GLN1	YPR035W	GLN1	GLN1	856147	GLN1	GENENAME_found	SUCCESS
DEP1	YAL013W	DEP1	DEP1	851220	DEP1	GENENAME_found	SUCCESS
CWH43	YCR017C	CWH43	CWH43	850376	CWH43	GENENAME_found	SUCCESS
SNF6	YHL025W	SNF6	SNF6	856360	SNF6	GENENAME_found	SUCCESS
VAM6	YDL077C	VAM6	VAM6	851482	VAM6	GENENAME_found	SUCCESS
SPT20	YOL148C	SPT20	SPT20	854017	SPT20	GENENAME_found	SUCCESS
KSS1	YGR040W	KSS1	KSS1	852931	KSS1	GENENAME_found	SUCCESS
UTP14	YML093W	UTP14	UTP14	854881	UTP14	GENENAME_found	SUCCESS
VPS33	YLR396C	VPS33	VPS33	851112	VPS33	GENENAME_found	SUCCESS
GTR1	YML121W	GTR1	GTR1	854918	GTR1	GENENAME_found	SUCCESS
SLX9	YGR081C	SLX9	SLX9	852972	SLX9	GENENAME_found	SUCCESS
SEG1	YMR086W	SEG1	SEG1	855110	SEG1	GENENAME_found	SUCCESS
NVJ1	YHR195W	NVJ1	NVJ1	856602	NVJ1	GENENAME_found	SUCCESS
HEM3	YDL205C	HEM3	HEM3	851322	HEM3	GENENAME_found	SUCCESS
SOF1	YLL011W	SOF1	SOF1	850649	SOF1	GENENAME_found	SUCCESS
ADA2	YDR448W	ADA2	ADA2	852059	ADA2	GENENAME_found	SUCCESS
HSP12	YFL014W	HSP12	HSP12	850532	HSP12	GENENAME_found	SUCCESS
RPA34	YJL148W	RPA34	RPA34	853293	RPA34	GENENAME_found	SUCCESS
HSF1	YGL073W	HSF1	HSF1	852806	HSF1	GENENAME_found	SUCCESS
SUA7	YPR086W	SUA7	SUA7	856201	SUA7	GENENAME_found	SUCCESS
BNI4	YNL233W	BNI4	BNI4	855488	BNI4	GENENAME_found	SUCCESS
LOA1	YPR139C	LOA1	LOA1	856261	LOA1	GENENAME_found	SUCCESS
HAT2	YEL056W	HAT2	HAT2	856654	HAT2	GENENAME_found	SUCCESS
AIM2	YAL049C	AIM2	AIM2	851248	AIM2	GENENAME_found	SUCCESS
BNA6	YFR047C	BNA6	BNA6	850608	BNA6	GENENAME_found	SUCCESS
GLN3	YER040W	GLN3	GLN3	856763	GLN3	GENENAME_found	SUCCESS
HHF1	YBR009C	HHF1	HHF1	852294	HHF1	GENENAME_found	SUCCESS
ECM10	YEL030W	ECM10	ECM10	856682	ECM10	GENENAME_found	SUCCESS
CTF8	YHR191C	CTF8	CTF8	856598	CTF8	GENENAME_found	SUCCESS
SPC24	YMR117C	SPC24	SPC24	855144	SPC24	GENENAME_found	SUCCESS
RSN1	YMR266W	RSN1	RSN1	855308	RSN1	GENENAME_found	SUCCESS
SKP1	YDR328C	SKP1	SKP1	851928	SKP1	GENENAME_found	SUCCESS
RTT10	YPL183C	RTT10	RTT10	855919	RTT10	GENENAME_found	SUCCESS
TGL4	YKR089C	TGL4	TGL4	853964	TGL4	GENENAME_found	SUCCESS
MXR2	YCL033C	MXR2	MXR2	850324	MXR2	GENENAME_found	SUCCESS
TMA17	YDL110C	TMA17	TMA17	851448	TMA17	GENENAME_found	SUCCESS
RRS1	YOR294W	RRS1	RRS1	854469	RRS1	GENENAME_found	SUCCESS
TRM9	YML014W	TRM9	TRM9	854994	TRM9	GENENAME_found	SUCCESS
HPC2	YBR215W	HPC2	HPC2	852516	HPC2	GENENAME_found	SUCCESS
COX4	YGL187C	COX4	COX4	852688	COX4	GENENAME_found	SUCCESS
EXP1	NA	NA	NA	NA	EXP1	MANUAL_LOOKUP	SUCCESS
IOC3	YFR013W	IOC3	IOC3	850567	IOC3	GENENAME_found	SUCCESS
PHO86	YJL117W	PHO86	PHO86	853325	PHO86	GENENAME_found	SUCCESS
SPT3	YDR392W	SPT3	SPT3	852001	SPT3	GENENAME_found	SUCCESS
PEP12	YOR036W	PEP12	PEP12	854201	PEP12	GENENAME_found	SUCCESS
VAM7	YGL212W	VAM7	VAM7	852660	VAM7	GENENAME_found	SUCCESS
SAP185	YJL098W	SAP185	SAP185	853347	SAP185	GENENAME_found	SUCCESS
UTP11	YKL099C	UTP11	UTP11	853762	UTP11	GENENAME_found	SUCCESS
YAP1	YML007W	YAP1	YAP1	855005	YAP1	GENENAME_found	SUCCESS
SGF29	YCL010C	SGF29	SGF29	850347	SGF29	GENENAME_found	SUCCESS
YPL199C	YPL199C	NA	NA	855902	YPL199C	ORF_unchanged	SUCCESS
MVP1	YMR004W	MVP1	MVP1	855016	MVP1	GENENAME_found	SUCCESS
NHP10	YDL002C	NHP10	NHP10	851562	NHP10	GENENAME_found	SUCCESS
NSG2	YNL156C	NSG2	NSG2	855566	NSG2	GENENAME_found	SUCCESS
SWR1	YDR334W	SWR1	SWR1	851934	SWR1	GENENAME_found	SUCCESS
KEL3	YPL263C	KEL3	KEL3	855865	KEL3	GENENAME_found	SUCCESS
DOA1	YKL213C	DOA1	DOA1	853667	DOA1	GENENAME_found	SUCCESS
CPA1	YOR303W	CPA1	CPA1	854479	CPA1	GENENAME_found	SUCCESS
UBC4	YBR082C	UBC4	UBC4	852376	UBC4	GENENAME_found	SUCCESS
RTS1	YOR014W	RTS1	RTS1	854179	RTS1	GENENAME_found	SUCCESS
CKA1	YIL035C	CKA1	CKA1	854776	CKA1	GENENAME_found	SUCCESS
UME6	YDR207C	UME6	UME6	851788	UME6	GENENAME_found	SUCCESS
FAR8	YMR029C	FAR8	FAR8	855044	FAR8	GENENAME_found	SUCCESS
CYC1	YJR048W	CYC1	CYC1	853507	CYC1	GENENAME_found	SUCCESS
CYC7	YEL039C	CYC7	CYC7	856672	CYC7	GENENAME_found	SUCCESS
ARL1	YBR164C	ARL1	ARL1	852462	ARL1	GENENAME_found	SUCCESS
ATG21	YPL100W	ATG21	ATG21	856004	ATG21	GENENAME_found	SUCCESS
FAB1	YFR019W	FAB1	FAB1	850574	FAB1	GENENAME_found	SUCCESS
STU2	YLR045C	STU2	STU2	850734	STU2	GENENAME_found	SUCCESS
NIP7	YPL211W	NIP7	NIP7	855890	NIP7	GENENAME_found	SUCCESS
TFG2	YGR005C	TFG2	TFG2	852888	TFG2	GENENAME_found	SUCCESS
TAP42	YMR028W	TAP42	TAP42	855043	TAP42	GENENAME_found	SUCCESS
RSR1	YGR152C	RSR1	RSR1	853056	RSR1	GENENAME_found	SUCCESS
TPD3	YAL016W	TPD3	TPD3	851217	TPD3	GENENAME_found	SUCCESS
RAS1	YOR101W	RAS1	RAS1	854268	RAS1	GENENAME_found	SUCCESS
YHR138C	YHR138C	NA	NA	856540	YHR138C	ORF_unchanged	SUCCESS
SDS24	YBR214W	SDS24	SDS24	852515	SDS24	GENENAME_found	SUCCESS
SDS23	YGL056C	SDS23	SDS23	852824	SDS23	GENENAME_found	SUCCESS
HRI1	YLR301W	HRI1	HRI1	851008	HRI1	GENENAME_found	SUCCESS
HOM2	YDR158W	HOM2	HOM2	851736	HOM2	GENENAME_found	SUCCESS
MDS3	YGL197W	MDS3	MDS3	852678	MDS3	GENENAME_found	SUCCESS
BAT2	YJR148W	BAT2	BAT2	853613	BAT2	GENENAME_found	SUCCESS
MED8	YBR193C	MED8	MED8	852492	MED8	GENENAME_found	SUCCESS
RPS4A;RPS4B	NA	NA	NA	NA	RPS4A;RPS4B	COMPOSITE_SUCCESS	SUCCESS
YNL115C	YNL115C	NA	NA	855608	YNL115C	ORF_unchanged	SUCCESS
KEL2	YGR238C	KEL2	KEL2	853153	KEL2	GENENAME_found	SUCCESS
DUS3	YLR401C	DUS3	DUS3	851117	DUS3	GENENAME_found	SUCCESS
YET1	YKL065C	YET1	YET1	853800	YET1	GENENAME_found	SUCCESS
TVP23	YDR084C	TVP23	TVP23	851657	TVP23	GENENAME_found	SUCCESS
MSD1	YPL104W	MSD1	MSD1	856000	MSD1	GENENAME_found	SUCCESS
POS5	YPL188W	POS5	POS5	855913	POS5	GENENAME_found	SUCCESS
HIP1	YGR191W	HIP1	HIP1	853104	HIP1	GENENAME_found	SUCCESS
UBC7	YMR022W	UBC7	UBC7	855036	UBC7	GENENAME_found	SUCCESS
TIF34	YMR146C	TIF34	TIF34	855177	TIF34	GENENAME_found	SUCCESS
CDC24	YAL041W	CDC24	CDC24	851190	CDC24	GENENAME_found	SUCCESS
CNB1	YKL190W	CNB1	CNB1	853644	CNB1	GENENAME_found	SUCCESS
CCH1	YGR217W	CCH1	CCH1	853131	CCH1	GENENAME_found	SUCCESS
RIB5	YBR256C	RIB5	RIB5	852559	RIB5	GENENAME_found	SUCCESS
LRG1	YDL240W	LRG1	LRG1	851358	LRG1	GENENAME_found	SUCCESS
UBX7	YBR273C	UBX7	UBX7	852576	UBX7	GENENAME_found	SUCCESS
PHO13	YDL236W	PHO13	PHO13	851362	PHO13	GENENAME_found	SUCCESS
APE4	YHR113W	APE4	APE4	856513	APE4	GENENAME_found	SUCCESS
RAS2	YNL098C	RAS2	RAS2	855625	RAS2	GENENAME_found	SUCCESS
PMT1	YDL095W	PMT1	PMT1	851462	PMT1	GENENAME_found	SUCCESS
MZM1	YDR493W	MZM1	MZM1	852104	MZM1	GENENAME_found	SUCCESS
RSC4	YKR008W	RSC4	RSC4	853877	RSC4	GENENAME_found	SUCCESS
ZTA1	YBR046C	ZTA1	ZTA1	852335	ZTA1	GENENAME_found	SUCCESS
MPD1	YOR288C	MPD1	MPD1	854462	MPD1	GENENAME_found	SUCCESS
SSL2	YIL143C	SSL2	SSL2	854663	SSL2	GENENAME_found	SUCCESS
DFG5	YMR238W	DFG5	DFG5	855278	DFG5	GENENAME_found	SUCCESS
YGR117C	YGR117C	NA	NA	853014	YGR117C	ORF_unchanged	SUCCESS
ARD1	YHR013C	ARD1	ARD1	856404	ARD1	GENENAME_found	SUCCESS
SLO1	YER180C-A	SLO1	SLO1	856928	SLO1	GENENAME_found	SUCCESS
GLC8	YMR311C	GLC8	GLC8	855359	GLC8	GENENAME_found	SUCCESS
PEX3	YDR329C	PEX3	PEX3	851929	PEX3	GENENAME_found	SUCCESS
SGD1	YLR336C	SGD1	SGD1	851049	SGD1	GENENAME_found	SUCCESS
DET1	YDR051C	DET1	DET1	851621	DET1	GENENAME_found	SUCCESS
SGF73	YGL066W	SGF73	SGF73	852814	SGF73	GENENAME_found	SUCCESS
YLR225C	YLR225C	NA	NA	850922	YLR225C	ORF_unchanged	SUCCESS
YNL050C	YNL050C	NA	NA	855677	YNL050C	ORF_unchanged	SUCCESS
UBC8	YEL012W	UBC8	UBC8	856704	UBC8	GENENAME_found	SUCCESS
TPK3	YKL166C	TPK3	TPK3	853688	TPK3	GENENAME_found	SUCCESS
YOR283W	YOR283W	NA	NA	854457	YOR283W	ORF_unchanged	SUCCESS
ABF1	YKL112W	ABF1	ABF1	853748	ABF1	GENENAME_found	SUCCESS
PEP5	YMR231W	PEP5	PEP5	855271	PEP5	GENENAME_found	SUCCESS
RIO2	YNL207W	RIO2	RIO2	855514	RIO2	GENENAME_found	SUCCESS
ZNG1	NA	NA	NA	NA	ZNG1	MANUAL_LOOKUP	SUCCESS
MSF1	YPR047W	MSF1	MSF1	856160	MSF1	GENENAME_found	SUCCESS
RRP43	YCR035C	RRP43	RRP43	850401	RRP43	GENENAME_found	SUCCESS
PMT3	YOR321W	PMT3	PMT3	854499	PMT3	GENENAME_found	SUCCESS
MKK2	YPL140C	MKK2	MKK2	855963	MKK2	GENENAME_found	SUCCESS
AST2	YER101C	AST2	AST2	856838	AST2	GENENAME_found	SUCCESS
PRP19	YLL036C	PRP19	PRP19	850623	PRP19	GENENAME_found	SUCCESS
NAT5	YOR253W	NAT5	NAT5	854427	NAT5	GENENAME_found	SUCCESS
SMD3	YLR147C	SMD3	SMD3	850839	SMD3	GENENAME_found	SUCCESS
FAA3	YIL009W	FAA3	FAA3	854808	FAA3	GENENAME_found	SUCCESS
HCS1	YKL017C	HCS1	HCS1	853852	HCS1	GENENAME_found	SUCCESS
NYV1	YLR093C	NYV1	NYV1	850782	NYV1	GENENAME_found	SUCCESS
CKA2	YOR061W	CKA2	CKA2	854227	CKA2	GENENAME_found	SUCCESS
TMA22	YJR014W	TMA22	TMA22	853471	TMA22	GENENAME_found	SUCCESS
SAR1	YPL218W	SAR1	SAR1	855883	SAR1	GENENAME_found	SUCCESS
CSE2	YNR010W	CSE2	CSE2	855744	CSE2	GENENAME_found	SUCCESS
MUP1	YGR055W	MUP1	MUP1	852946	MUP1	GENENAME_found	SUCCESS
MSY1	YPL097W	MSY1	MSY1	856007	MSY1	GENENAME_found	SUCCESS
PPX1	YHR201C	PPX1	PPX1	856608	PPX1	GENENAME_found	SUCCESS
EAF1	YDR359C	EAF1	EAF1	851962	EAF1	GENENAME_found	SUCCESS
ARH1	YDR376W	ARH1	ARH1	851982	ARH1	GENENAME_found	SUCCESS
AIM6	YDL237W	AIM6	AIM6	851361	AIM6	GENENAME_found	SUCCESS
TIM11	YDR322C-A	TIM11	TIM11	851922	TIM11	GENENAME_found	SUCCESS
MNT3	YIL014W	MNT3	MNT3	854801	MNT3	GENENAME_found	SUCCESS
TCD2	YKL027W	TCD2	TCD2	853841	TCD2	GENENAME_found	SUCCESS
CCZ1	YBR131W	CCZ1	CCZ1	852428	CCZ1	GENENAME_found	SUCCESS
YIP4	YGL198W	YIP4	YIP4	852676	YIP4	GENENAME_found	SUCCESS
ROY1	YMR258C	ROY1	ROY1	855300	ROY1	GENENAME_found	SUCCESS
DAP1	YPL170W	DAP1	DAP1	855933	DAP1	GENENAME_found	SUCCESS
MAK11	YKL021C	MAK11	MAK11	853847	MAK11	GENENAME_found	SUCCESS
AIM24	YJR080C	AIM24	AIM24	853543	AIM24	GENENAME_found	SUCCESS
OTU1	YFL044C	OTU1	OTU1	850500	OTU1	GENENAME_found	SUCCESS
UTP22	YGR090W	UTP22	UTP22	852982	UTP22	GENENAME_found	SUCCESS
OSH6	YKR003W	OSH6	OSH6	853872	OSH6	GENENAME_found	SUCCESS
COX13	YGL191W	COX13	COX13	852684	COX13	GENENAME_found	SUCCESS
RCL1	YOL010W	RCL1	RCL1	854152	RCL1	GENENAME_found	SUCCESS
TSA1	YML028W	TSA1	TSA1	854980	TSA1	GENENAME_found	SUCCESS
TSA2	YDR453C	TSA2	TSA2	852064	TSA2	GENENAME_found	SUCCESS
RNH202	YDR279W	RNH202	RNH202	851873	RNH202	GENENAME_found	SUCCESS
VID27	YNL212W	VID27	VID27	855509	VID27	GENENAME_found	SUCCESS
RDL2	YOR286W	RDL2	RDL2	854460	RDL2	GENENAME_found	SUCCESS
PDC5	YLR134W	PDC5	PDC5	850825	PDC5	GENENAME_found	SUCCESS
CPR6	YLR216C	CPR6	CPR6	850914	CPR6	GENENAME_found	SUCCESS
VSB1	NA	NA	NA	NA	VSB1	MANUAL_LOOKUP	SUCCESS
SNU114	YKL173W	SNU114	SNU114	853681	SNU114	GENENAME_found	SUCCESS
ELP4	YPL101W	ELP4	ELP4	856002	ELP4	GENENAME_found	SUCCESS
HEL2	YDR266C	HEL2	HEL2	851859	HEL2	GENENAME_found	SUCCESS
PDR16	YNL231C	PDR16	PDR16	855490	PDR16	GENENAME_found	SUCCESS
ALG13	YGL047W	ALG13	ALG13	852835	ALG13	GENENAME_found	SUCCESS
RPN5	YDL147W	RPN5	RPN5	851408	RPN5	GENENAME_found	SUCCESS
UTP9	YHR196W	UTP9	UTP9	856603	UTP9	GENENAME_found	SUCCESS
RTG1	YOL067C	RTG1	RTG1	854087	RTG1	GENENAME_found	SUCCESS
RPC53	YDL150W	RPC53	RPC53	851404	RPC53	GENENAME_found	SUCCESS
RPS6A;RPS6B	NA	NA	NA	NA	RPS6A;RPS6B	COMPOSITE_SUCCESS	SUCCESS
ATP16	YDL004W	ATP16	ATP16	851560	ATP16	GENENAME_found	SUCCESS
REX2	YLR059C	REX2	REX2	850748	REX2	GENENAME_found	SUCCESS
AIM23	YJL131C	AIM23	AIM23	853310	AIM23	GENENAME_found	SUCCESS
TPM2	YIL138C	TPM2	TPM2	854668	TPM2	GENENAME_found	SUCCESS
SOK2	YMR016C	SOK2	SOK2	855030	SOK2	GENENAME_found	SUCCESS
SIP2	YGL208W	SIP2	SIP2	852664	SIP2	GENENAME_found	SUCCESS
NOB1	YOR056C	NOB1	NOB1	854221	NOB1	GENENAME_found	SUCCESS
MKS1	YNL076W	MKS1	MKS1	855648	MKS1	GENENAME_found	SUCCESS
SAF1	YBR280C	SAF1	SAF1	852583	SAF1	GENENAME_found	SUCCESS
AST1	YBL069W	AST1	AST1	852209	AST1	GENENAME_found	SUCCESS
YOR131C	YOR131C	NA	NA	854299	YOR131C	ORF_unchanged	SUCCESS
RAD4	YER162C	RAD4	RAD4	856909	RAD4	GENENAME_found	SUCCESS
BNA1	YJR025C	BNA1	BNA1	853482	BNA1	GENENAME_found	SUCCESS
LSM7	YNL147W	LSM7	LSM7	855575	LSM7	GENENAME_found	SUCCESS
AFG3	YER017C	AFG3	AFG3	856737	AFG3	GENENAME_found	SUCCESS
GTB1	YDR221W	GTB1	GTB1	851807	GTB1	GENENAME_found	SUCCESS
FMN1	YDR236C	FMN1	FMN1	851822	FMN1	GENENAME_found	SUCCESS
PAM18	YLR008C	PAM18	PAM18	850694	PAM18	GENENAME_found	SUCCESS
FMP46	YKR049C	FMP46	FMP46	853923	FMP46	GENENAME_found	SUCCESS
SUB1	YMR039C	SUB1	SUB1	855055	SUB1	GENENAME_found	SUCCESS
DTD1	YDL219W	DTD1	DTD1	851307	DTD1	GENENAME_found	SUCCESS
RPL6B	YLR448W	RPL6B	RPL6B	851169	RPL6B	GENENAME_found	SUCCESS
UTH1	YKR042W	UTH1	UTH1	853916	UTH1	GENENAME_found	SUCCESS
GDH2	YDL215C	GDH2	GDH2	851311	GDH2	GENENAME_found	SUCCESS
SPT8	YLR055C	SPT8	SPT8	850744	SPT8	GENENAME_found	SUCCESS
IMA3;IMA4	NA	NA	NA	NA	IMA3;IMA4	COMPOSITE_SUCCESS	SUCCESS
RIM2	YBR192W	RIM2	RIM2	852491	RIM2	GENENAME_found	SUCCESS
TAH1	YCR060W	TAH1	TAH1	850424	TAH1	GENENAME_found	SUCCESS
APM3	YBR288C	APM3	APM3	852591	APM3	GENENAME_found	SUCCESS
SAP1	YER047C	SAP1	SAP1	856771	SAP1	GENENAME_found	SUCCESS
SCO1	YBR037C	SCO1	SCO1	852325	SCO1	GENENAME_found	SUCCESS
GCR2	YNL199C	GCR2	GCR2	855522	GCR2	GENENAME_found	SUCCESS
PPN1	YDR452W	PPN1	PPN1	852063	PPN1	GENENAME_found	SUCCESS
RPL23A;RPL23B	NA	NA	NA	NA	RPL23A;RPL23B	COMPOSITE_SUCCESS	SUCCESS
RPS31	YLR167W	RPS31	RPS31	850864	RPS31	GENENAME_found	SUCCESS
NOP15	YNL110C	NOP15	NOP15	855613	NOP15	GENENAME_found	SUCCESS
RPN1	YHR027C	RPN1	RPN1	856422	RPN1	GENENAME_found	SUCCESS
PAP1	YKR002W	PAP1	PAP1	853871	PAP1	GENENAME_found	SUCCESS
BUD7	YOR299W	BUD7	BUD7	854475	BUD7	GENENAME_found	SUCCESS
YMR106W-A	NA	NA	NA	NA	YMR106W-A	SPECIAL_ORF_NOT_IN_DB	SUCCESS
RRP7	YCL031C	RRP7	RRP7	850326	RRP7	GENENAME_found	SUCCESS
ERP4	YOR016C	ERP4	ERP4	854181	ERP4	GENENAME_found	SUCCESS
YLR179C	YLR179C	NA	NA	850876	YLR179C	ORF_unchanged	SUCCESS
MRPL15	YLR312W-A	MRPL15	MRPL15	851022	MRPL15	GENENAME_found	SUCCESS
VTC4	YJL012C	VTC4	VTC4	853441	VTC4	GENENAME_found	SUCCESS
LHP1	YDL051W	LHP1	LHP1	851509	LHP1	GENENAME_found	SUCCESS
YOR289W	YOR289W	NA	NA	854463	YOR289W	ORF_unchanged	SUCCESS
YRB1	YDR002W	YRB1	YRB1	851565	YRB1	GENENAME_found	SUCCESS
MPS3	YJL019W	MPS3	MPS3	853434	MPS3	GENENAME_found	SUCCESS
BUD21	YOR078W	BUD21	BUD21	854245	BUD21	GENENAME_found	SUCCESS
MDM35	YKL053C-A	MDM35	MDM35	853812	MDM35	GENENAME_found	SUCCESS
TMA23	YMR269W	TMA23	TMA23	855311	TMA23	GENENAME_found	SUCCESS
DIG2	YDR480W	DIG2	DIG2	852091	DIG2	GENENAME_found	SUCCESS
CAF20	YOR276W	CAF20	CAF20	854450	CAF20	GENENAME_found	SUCCESS
YBR071W	YBR071W	NA	NA	852363	YBR071W	ORF_unchanged	SUCCESS
DGK1	YOR311C	DGK1	DGK1	854488	DGK1	GENENAME_found	SUCCESS
JIP5	YPR169W	JIP5	JIP5	856298	JIP5	GENENAME_found	SUCCESS
YGR237C	YGR237C	NA	NA	853152	YGR237C	ORF_unchanged	SUCCESS
HRK1	YOR267C	HRK1	HRK1	854441	HRK1	GENENAME_found	SUCCESS
SDH8	YBR269C	SDH8	SDH8	852572	SDH8	GENENAME_found	SUCCESS
YBL028C	YBL028C	NA	NA	852253	YBL028C	ORF_unchanged	SUCCESS
SNF2	YOR290C	SNF2	SNF2	854465	SNF2	GENENAME_found	SUCCESS
MIC26	YGR235C	MIC26	MIC26	853150	MIC26	GENENAME_found	SUCCESS
INA22	YIR024C	INA22	INA22	854842	INA22	GENENAME_found	SUCCESS
EAP1	YKL204W	EAP1	EAP1	853631	EAP1	GENENAME_found	SUCCESS
PRP2	YNR011C	PRP2	PRP2	855745	PRP2	GENENAME_found	SUCCESS
PEX30	YLR324W	PEX30	PEX30	851034	PEX30	GENENAME_found	SUCCESS
YND1	YER005W	YND1	YND1	856722	YND1	GENENAME_found	SUCCESS
VPS9	YML097C	VPS9	VPS9	854876	VPS9	GENENAME_found	SUCCESS
CEG1	YGL130W	CEG1	CEG1	852747	CEG1	GENENAME_found	SUCCESS
SNT1	YCR033W	SNT1	SNT1	850399	SNT1	GENENAME_found	SUCCESS
NFU1	YKL040C	NFU1	NFU1	853826	NFU1	GENENAME_found	SUCCESS
TFB3	YDR460W	TFB3	TFB3	852071	TFB3	GENENAME_found	SUCCESS
CAB2	YIL083C	CAB2	CAB2	854726	CAB2	GENENAME_found	SUCCESS
DOT5	YIL010W	DOT5	DOT5	854805	DOT5	GENENAME_found	SUCCESS
ASK10	YGR097W	ASK10	ASK10	852989	ASK10	GENENAME_found	SUCCESS
TMA16	YOR252W	TMA16	TMA16	854426	TMA16	GENENAME_found	SUCCESS
SMM1	YNR015W	SMM1	SMM1	855749	SMM1	GENENAME_found	SUCCESS
MRN1	YPL184C	MRN1	MRN1	855917	MRN1	GENENAME_found	SUCCESS
PSD1	YNL169C	PSD1	PSD1	855552	PSD1	GENENAME_found	SUCCESS
MIX23	YBL107C	MIX23	MIX23	852167	MIX23	GENENAME_found	SUCCESS
MRP21	YBL090W	MRP21	MRP21	852188	MRP21	GENENAME_found	SUCCESS
MAG2	YLR427W	MAG2	MAG2	851147	MAG2	GENENAME_found	SUCCESS
DAD1	YDR016C	DAD1	DAD1	851579	DAD1	GENENAME_found	SUCCESS
MKT1	YNL085W	MKT1	MKT1	855639	MKT1	GENENAME_found	SUCCESS
SPE2	YOL052C	SPE2	SPE2	854105	SPE2	GENENAME_found	SUCCESS
RTT107	YHR154W	RTT107	RTT107	856559	RTT107	GENENAME_found	SUCCESS
NST1	YNL091W	NST1	NST1	855633	NST1	GENENAME_found	SUCCESS
PRP39	YML046W	PRP39	PRP39	854960	PRP39	GENENAME_found	SUCCESS
YLR257W	YLR257W	NA	NA	850961	YLR257W	ORF_unchanged	SUCCESS
CTK1	YKL139W	CTK1	CTK1	853718	CTK1	GENENAME_found	SUCCESS
FCY1	YPR062W	FCY1	FCY1	856175	FCY1	GENENAME_found	SUCCESS
YSC84	YHR016C	YSC84	YSC84	856409	YSC84	GENENAME_found	SUCCESS
YLR460C	YLR460C	NA	NA	851182	YLR460C	ORF_unchanged	SUCCESS
PFF1	YBR074W	PFF1	PFF1	852366	PFF1	GENENAME_found	SUCCESS
UGA2	YBR006W	UGA2	UGA2	852291	UGA2	GENENAME_found	SUCCESS
SSS1	YDR086C	SSS1	SSS1	851659	SSS1	GENENAME_found	SUCCESS
SEC12	YNR026C	SEC12	SEC12	855760	SEC12	GENENAME_found	SUCCESS
YCR043C	YCR043C	NA	NA	850410	YCR043C	ORF_unchanged	SUCCESS
GCG1	YER163C	GCG1	GCG1	856910	GCG1	GENENAME_found	SUCCESS
TMN2	YDR107C	TMN2	TMN2	851685	TMN2	GENENAME_found	SUCCESS
TFC1	YBR123C	TFC1	TFC1	852421	TFC1	GENENAME_found	SUCCESS
SIF2	YBR103W	SIF2	SIF2	852399	SIF2	GENENAME_found	SUCCESS
PEA2	YER149C	PEA2	PEA2	856892	PEA2	GENENAME_found	SUCCESS
SAM50	YNL026W	SAM50	SAM50	855705	SAM50	GENENAME_found	SUCCESS
YMR102C	YMR102C	NA	NA	855128	YMR102C	ORF_unchanged	SUCCESS
GPD2	YOL059W	GPD2	GPD2	854095	GPD2	GENENAME_found	SUCCESS
HHT1	YBR010W	HHT1	HHT1	852295	HHT1	GENENAME_found	SUCCESS
SMB1	YER029C	SMB1	SMB1	856751	SMB1	GENENAME_found	SUCCESS
SOK1	YDR006C	SOK1	SOK1	851569	SOK1	GENENAME_found	SUCCESS
LYP1	YNL268W	LYP1	LYP1	855453	LYP1	GENENAME_found	SUCCESS
YML108W	YML108W	NA	NA	854863	YML108W	ORF_unchanged	SUCCESS
SBE22	YHR103W	SBE22	SBE22	856503	SBE22	GENENAME_found	SUCCESS
RAI1	YGL246C	RAI1	RAI1	852646	RAI1	GENENAME_found	SUCCESS
GDA1	YEL042W	GDA1	GDA1	856669	GDA1	GENENAME_found	SUCCESS
SRN2	YLR119W	SRN2	SRN2	850810	SRN2	GENENAME_found	SUCCESS
ERO1	YML130C	ERO1	ERO1	854909	ERO1	GENENAME_found	SUCCESS
END3	YNL084C	END3	END3	855640	END3	GENENAME_found	SUCCESS
YGK1	NA	NA	NA	NA	YGK1	MANUAL_LOOKUP	SUCCESS
VAC7	YNL054W	VAC7	VAC7	855673	VAC7	GENENAME_found	SUCCESS
PDP3	YLR455W	PDP3	PDP3	851177	PDP3	GENENAME_found	SUCCESS
SDH5	YOL071W	SDH5	SDH5	854083	SDH5	GENENAME_found	SUCCESS
SHG1	YBR258C	SHG1	SHG1	852561	SHG1	GENENAME_found	SUCCESS
TAF14	YPL129W	TAF14	TAF14	855974	TAF14	GENENAME_found	SUCCESS
MDJ1	YFL016C	MDJ1	MDJ1	850530	MDJ1	GENENAME_found	SUCCESS
SEC65	YML105C	SEC65	SEC65	854866	SEC65	GENENAME_found	SUCCESS
SMY1	YKL079W	SMY1	SMY1	853783	SMY1	GENENAME_found	SUCCESS
MED11	YMR112C	MED11	MED11	855139	MED11	GENENAME_found	SUCCESS
VID30	YGL227W	VID30	VID30	852624	VID30	GENENAME_found	SUCCESS
SNX3	YOR357C	SNX3	SNX3	854539	SNX3	GENENAME_found	SUCCESS
ORC2	YBR060C	ORC2	ORC2	852352	ORC2	GENENAME_found	SUCCESS
SNF12	YNR023W	SNF12	SNF12	855757	SNF12	GENENAME_found	SUCCESS
TRM10	YOL093W	TRM10	TRM10	854060	TRM10	GENENAME_found	SUCCESS
YDL144C	YDL144C	NA	NA	851411	YDL144C	ORF_unchanged	SUCCESS
GAT1	YFL021W	GAT1	GAT1	850523	GAT1	GENENAME_found	SUCCESS
NKP1	YDR383C	NKP1	NKP1	851991	NKP1	GENENAME_found	SUCCESS
YMR114C	YMR114C	NA	NA	855141	YMR114C	ORF_unchanged	SUCCESS
SSF1	YHR066W	SSF1	SSF1	856463	SSF1	GENENAME_found	SUCCESS
AHP1	YLR109W	AHP1	AHP1	850799	AHP1	GENENAME_found	SUCCESS
PBI2	YNL015W	PBI2	PBI2	855717	PBI2	GENENAME_found	SUCCESS
RPS20	YHL015W	RPS20	RPS20	856371	RPS20	GENENAME_found	SUCCESS
RPC31	YNL151C	RPC31	RPC31	855571	RPC31	GENENAME_found	SUCCESS
TFC7	YOR110W	TFC7	TFC7	854277	TFC7	GENENAME_found	SUCCESS
DBP8	YHR169W	DBP8	DBP8	856574	DBP8	GENENAME_found	SUCCESS
SEC66	YBR171W	SEC66	SEC66	852469	SEC66	GENENAME_found	SUCCESS
RLP24	YLR009W	RLP24	RLP24	850695	RLP24	GENENAME_found	SUCCESS
VPS20	YMR077C	VPS20	VPS20	855101	VPS20	GENENAME_found	SUCCESS
TPM1	YNL079C	TPM1	TPM1	855645	TPM1	GENENAME_found	SUCCESS
HYR1	YIR037W	HYR1	HYR1	854855	HYR1	GENENAME_found	SUCCESS
STB3	YDR169C	STB3	STB3	851747	STB3	GENENAME_found	SUCCESS
IFA38	YBR159W	IFA38	IFA38	852456	IFA38	GENENAME_found	SUCCESS
CNE1	YAL058W	CNE1	CNE1	851241	CNE1	GENENAME_found	SUCCESS
HOM3	YER052C	HOM3	HOM3	856778	HOM3	GENENAME_found	SUCCESS
SLK19	YOR195W	SLK19	SLK19	854370	SLK19	GENENAME_found	SUCCESS
SCD6	YPR129W	SCD6	SCD6	856247	SCD6	GENENAME_found	SUCCESS
MFT1	YML062C	MFT1	MFT1	854940	MFT1	GENENAME_found	SUCCESS
IMH1	YLR309C	IMH1	IMH1	851018	IMH1	GENENAME_found	SUCCESS
CTK3	YML112W	CTK3	CTK3	854928	CTK3	GENENAME_found	SUCCESS
SEC4	YFL005W	SEC4	SEC4	850543	SEC4	GENENAME_found	SUCCESS
ARG8	YOL140W	ARG8	ARG8	854025	ARG8	GENENAME_found	SUCCESS
YDL086W	YDL086W	NA	NA	851472	YDL086W	ORF_unchanged	SUCCESS
CKI1	YLR133W	CKI1	CKI1	850824	CKI1	GENENAME_found	SUCCESS
NUT1	YGL151W	NUT1	NUT1	852726	NUT1	GENENAME_found	SUCCESS
YHR045W	YHR045W	NA	NA	856441	YHR045W	ORF_unchanged	SUCCESS
DIA4	YHR011W	DIA4	DIA4	856402	DIA4	GENENAME_found	SUCCESS
CAB4	YGR277C	CAB4	CAB4	853194	CAB4	GENENAME_found	SUCCESS
RUD3	YOR216C	RUD3	RUD3	854391	RUD3	GENENAME_found	SUCCESS
PRP40	YKL012W	PRP40	PRP40	853857	PRP40	GENENAME_found	SUCCESS
RRP15	YPR143W	RRP15	RRP15	856264	RRP15	GENENAME_found	SUCCESS
RQC2	YPL009C	RQC2	RQC2	856098	RQC2	GENENAME_found	SUCCESS
SRY1	YKL218C	SRY1	SRY1	853662	SRY1	GENENAME_found	SUCCESS
FMS1	YMR020W	FMS1	FMS1	855034	FMS1	GENENAME_found	SUCCESS
YOS9	YDR057W	YOS9	YOS9	851627	YOS9	GENENAME_found	SUCCESS
PPS1	YBR276C	PPS1	PPS1	852579	PPS1	GENENAME_found	SUCCESS
MTF2	YDL044C	MTF2	MTF2	851517	MTF2	GENENAME_found	SUCCESS
MPT5	YGL178W	MPT5	MPT5	852697	MPT5	GENENAME_found	SUCCESS
PET54	YGR222W	PET54	PET54	853137	PET54	GENENAME_found	SUCCESS
BRX1	YOL077C	BRX1	BRX1	854078	BRX1	GENENAME_found	SUCCESS
COX15	YER141W	COX15	COX15	856884	COX15	GENENAME_found	SUCCESS
FMP41	YNL168C	FMP41	FMP41	855553	FMP41	GENENAME_found	SUCCESS
ECM3	YOR092W	ECM3	ECM3	854259	ECM3	GENENAME_found	SUCCESS
VNX1	YNL321W	VNX1	VNX1	855395	VNX1	GENENAME_found	SUCCESS
SRB5	YGR104C	SRB5	SRB5	852996	SRB5	GENENAME_found	SUCCESS
HSK3	YKL138C-A	HSK3	HSK3	853719	HSK3	GENENAME_found	SUCCESS
DAM1	YGR113W	DAM1	DAM1	853010	DAM1	GENENAME_found	SUCCESS
RTT106	YNL206C	RTT106	RTT106	855515	RTT106	GENENAME_found	SUCCESS
ISU1	YPL135W	ISU1	ISU1	855968	ISU1	GENENAME_found	SUCCESS
EMP46	YLR080W	EMP46	EMP46	850769	EMP46	GENENAME_found	SUCCESS
TRM2	YKR056W	TRM2	TRM2	853930	TRM2	GENENAME_found	SUCCESS
ALG12	YNR030W	ALG12	ALG12	855764	ALG12	GENENAME_found	SUCCESS
MXR1	YER042W	MXR1	MXR1	856765	MXR1	GENENAME_found	SUCCESS
SLM4	YBR077C	SLM4	SLM4	852369	SLM4	GENENAME_found	SUCCESS
EXG2	YDR261C	EXG2	EXG2	851848	EXG2	GENENAME_found	SUCCESS
PRP16	YKR086W	PRP16	PRP16	853961	PRP16	GENENAME_found	SUCCESS
VPS24	YKL041W	VPS24	VPS24	853825	VPS24	GENENAME_found	SUCCESS
SAM35	YHR083W	SAM35	SAM35	856483	SAM35	GENENAME_found	SUCCESS
KOG1	YHR186C	KOG1	KOG1	856593	KOG1	GENENAME_found	SUCCESS
MAM33	YIL070C	MAM33	MAM33	854740	MAM33	GENENAME_found	SUCCESS
MRPL44	YMR225C	MRPL44	MRPL44	855265	MRPL44	GENENAME_found	SUCCESS
YLR413W	YLR413W	INA1	INA1	851131	INA1	ORF_to_GENENAME	SUCCESS
MOB2	YFL034C-B	MOB2	MOB2	850508	MOB2	GENENAME_found	SUCCESS
SMT3	YDR510W	SMT3	SMT3	852122	SMT3	GENENAME_found	SUCCESS
COQ3	YOL096C	COQ3	COQ3	854057	COQ3	GENENAME_found	SUCCESS
CPD1	YGR247W	CPD1	CPD1	853162	CPD1	GENENAME_found	SUCCESS
SWI4	YER111C	SWI4	SWI4	856847	SWI4	GENENAME_found	SUCCESS
TMA20	YER007C-A	TMA20	TMA20	856725	TMA20	GENENAME_found	SUCCESS
NUP192	YJL039C	NUP192	NUP192	853410	NUP192	GENENAME_found	SUCCESS
EMP70	YLR083C	EMP70	EMP70	850772	EMP70	GENENAME_found	SUCCESS
YBR137W	YBR137W	NA	NA	852434	YBR137W	ORF_unchanged	SUCCESS
UBX5	YDR330W	UBX5	UBX5	851930	UBX5	GENENAME_found	SUCCESS
YKL063C	YKL063C	NA	NA	853802	YKL063C	ORF_unchanged	SUCCESS
SOL1	YNR034W	SOL1	SOL1	855769	SOL1	GENENAME_found	SUCCESS
MUM2	YBR057C	MUM2	MUM2	852348	MUM2	GENENAME_found	SUCCESS
MRPS35	YGR165W	MRPS35	MRPS35	853075	MRPS35	GENENAME_found	SUCCESS
PIK1	YNL267W	PIK1	PIK1	855454	PIK1	GENENAME_found	SUCCESS
YMR099C	YMR099C	NA	NA	855125	YMR099C	ORF_unchanged	SUCCESS
YAK1	YJL141C	YAK1	YAK1	853300	YAK1	GENENAME_found	SUCCESS
PRS1	YKL181W	PRS1	PRS1	853654	PRS1	GENENAME_found	SUCCESS
RPB9	YGL070C	RPB9	RPB9	852810	RPB9	GENENAME_found	SUCCESS
OCA4	YCR095C	OCA4	OCA4	850457	OCA4	GENENAME_found	SUCCESS
TWF1	YGR080W	TWF1	TWF1	852971	TWF1	GENENAME_found	SUCCESS
HAP3	YBL021C	HAP3	HAP3	852260	HAP3	GENENAME_found	SUCCESS
SRO7	YPR032W	SRO7	SRO7	856144	SRO7	GENENAME_found	SUCCESS
DEF1	YKL054C	DEF1	DEF1	853811	DEF1	GENENAME_found	SUCCESS
MEH1	YKR007W	MEH1	MEH1	853876	MEH1	GENENAME_found	SUCCESS
RSM25	YIL093C	RSM25	RSM25	854715	RSM25	GENENAME_found	SUCCESS
FMP16	YDR070C	FMP16	FMP16	851642	FMP16	GENENAME_found	SUCCESS
NTA1	YJR062C	NTA1	NTA1	853525	NTA1	GENENAME_found	SUCCESS
UBP7	YIL156W	UBP7	UBP7	854650	UBP7	GENENAME_found	SUCCESS
MRP4	YHL004W	MRP4	MRP4	856384	MRP4	GENENAME_found	SUCCESS
HPM1	YIL110W	HPM1	HPM1	854696	HPM1	GENENAME_found	SUCCESS
DPH1	YIL103W	DPH1	DPH1	854703	DPH1	GENENAME_found	SUCCESS
VPS30	YPL120W	VPS30	VPS30	855983	VPS30	GENENAME_found	SUCCESS
CWC25	YNL245C	CWC25	CWC25	855476	CWC25	GENENAME_found	SUCCESS
TUB2	YFL037W	TUB2	TUB2	850506	TUB2	GENENAME_found	SUCCESS
SPT2	YER161C	SPT2	SPT2	856908	SPT2	GENENAME_found	SUCCESS
PKH3	YDR466W	PKH3	PKH3	852077	PKH3	GENENAME_found	SUCCESS
ATG38	YLR211C	ATG38	ATG38	850908	ATG38	GENENAME_found	SUCCESS
TFC4	YGR047C	TFC4	TFC4	852938	TFC4	GENENAME_found	SUCCESS
HSV2	YGR223C	HSV2	HSV2	853138	HSV2	GENENAME_found	SUCCESS
BUD22	YMR014W	BUD22	BUD22	855028	BUD22	GENENAME_found	SUCCESS
YJR142W	YJR142W	NA	NA	853607	YJR142W	ORF_unchanged	SUCCESS
NHP2	YDL208W	NHP2	NHP2	851319	NHP2	GENENAME_found	SUCCESS
RAD51	YER095W	RAD51	RAD51	856831	RAD51	GENENAME_found	SUCCESS
ORC4	YPR162C	ORC4	ORC4	856291	ORC4	GENENAME_found	SUCCESS
BDH2	YAL061W	BDH2	BDH2	851238	BDH2	GENENAME_found	SUCCESS
MRPL23	YOR150W	MRPL23	MRPL23	854321	MRPL23	GENENAME_found	SUCCESS
YPP1	YGR198W	YPP1	YPP1	853112	YPP1	GENENAME_found	SUCCESS
SHE4	YOR035C	SHE4	SHE4	854200	SHE4	GENENAME_found	SUCCESS
CDC1	YDR182W	CDC1	CDC1	851763	CDC1	GENENAME_found	SUCCESS
GRX3	YDR098C	GRX3	GRX3	851672	GRX3	GENENAME_found	SUCCESS
PRP5	YBR237W	PRP5	PRP5	852539	PRP5	GENENAME_found	SUCCESS
YGR111W	YGR111W	NA	NA	853008	YGR111W	ORF_unchanged	SUCCESS
FUB1	YCR076C	FUB1	FUB1	850439	FUB1	GENENAME_found	SUCCESS
RCO1	YMR075W	RCO1	RCO1	855097	RCO1	GENENAME_found	SUCCESS
AVT1	YJR001W	AVT1	AVT1	853457	AVT1	GENENAME_found	SUCCESS
LSB1	YGR136W	LSB1	LSB1	853037	LSB1	GENENAME_found	SUCCESS
MBP1	YDL056W	MBP1	MBP1	851503	MBP1	GENENAME_found	SUCCESS
PCM1	YEL058W	PCM1	PCM1	856652	PCM1	GENENAME_found	SUCCESS
VOA1	YGR106C	VOA1	VOA1	852998	VOA1	GENENAME_found	SUCCESS
RPL40A;RPL40B	NA	NA	NA	NA	RPL40A;RPL40B	COMPOSITE_SUCCESS	SUCCESS
UTP4	YDR324C	UTP4	UTP4	851924	UTP4	GENENAME_found	SUCCESS
HRB1	YNL004W	HRB1	HRB1	855728	HRB1	GENENAME_found	SUCCESS
GIM5	YML094W	GIM5	GIM5	854879	GIM5	GENENAME_found	SUCCESS
CWC27	YPL064C	CWC27	CWC27	856041	CWC27	GENENAME_found	SUCCESS
RKM4	YDR257C	RKM4	RKM4	851844	RKM4	GENENAME_found	SUCCESS
ATG42	NA	NA	NA	NA	ATG42	MANUAL_LOOKUP	SUCCESS
PTM1	YKL039W	PTM1	PTM1	853827	PTM1	GENENAME_found	SUCCESS
SIP5	YMR140W	SIP5	SIP5	855171	SIP5	GENENAME_found	SUCCESS
UBX2	YML013W	UBX2	UBX2	854995	UBX2	GENENAME_found	SUCCESS
GIM4	YEL003W	GIM4	GIM4	856715	GIM4	GENENAME_found	SUCCESS
YML082W	YML082W	NA	NA	854892	YML082W	ORF_unchanged	SUCCESS
IES5	YER092W	IES5	IES5	856827	IES5	GENENAME_found	SUCCESS
RPA14	YDR156W	RPA14	RPA14	851734	RPA14	GENENAME_found	SUCCESS
BAP2	YBR068C	BAP2	BAP2	852360	BAP2	GENENAME_found	SUCCESS
TAF11	YML015C	TAF11	TAF11	854993	TAF11	GENENAME_found	SUCCESS
POP6	YGR030C	POP6	POP6	852918	POP6	GENENAME_found	SUCCESS
MRPL22	YNL177C	MRPL22	MRPL22	855544	MRPL22	GENENAME_found	SUCCESS
CSC1	YLR241W	CSC1	CSC1	850942	CSC1	GENENAME_found	SUCCESS
RPC11	YDR045C	RPC11	RPC11	851615	RPC11	GENENAME_found	SUCCESS
VTA1	YLR181C	VTA1	VTA1	850878	VTA1	GENENAME_found	SUCCESS
RHO5	YNL180C	RHO5	RHO5	855541	RHO5	GENENAME_found	SUCCESS
LAM1	YHR155W	LAM1	LAM1	856560	LAM1	GENENAME_found	SUCCESS
NPC2	YDL046W	NPC2	NPC2	851514	NPC2	GENENAME_found	SUCCESS
KTD1	NA	NA	NA	NA	KTD1	MANUAL_LOOKUP	SUCCESS
EAF5	YEL018W	EAF5	EAF5	856696	EAF5	GENENAME_found	SUCCESS
JSN1	YJR091C	JSN1	JSN1	853553	JSN1	GENENAME_found	SUCCESS
YML119W	YML119W	NA	NA	854920	YML119W	ORF_unchanged	SUCCESS
GPG1	YGL121C	GPG1	GPG1	852756	GPG1	GENENAME_found	SUCCESS
ADP1	YCR011C	ADP1	ADP1	850369	ADP1	GENENAME_found	SUCCESS
PEX29	YDR479C	PEX29	PEX29	852090	PEX29	GENENAME_found	SUCCESS
TYR1	YBR166C	TYR1	TYR1	852464	TYR1	GENENAME_found	SUCCESS
FMC1	YIL098C	FMC1	FMC1	854709	FMC1	GENENAME_found	SUCCESS
ESS1	YJR017C	ESS1	ESS1	853475	ESS1	GENENAME_found	SUCCESS
ECM31	YBR176W	ECM31	ECM31	852474	ECM31	GENENAME_found	SUCCESS
KIN2	YLR096W	KIN2	KIN2	850785	KIN2	GENENAME_found	SUCCESS
RSM7	YJR113C	RSM7	RSM7	853578	RSM7	GENENAME_found	SUCCESS
MRPL3	YMR024W	MRPL3	MRPL3	855039	MRPL3	GENENAME_found	SUCCESS
MPD2	YOL088C	MPD2	MPD2	854065	MPD2	GENENAME_found	SUCCESS
RUP1	YOR138C	RUP1	RUP1	854306	RUP1	GENENAME_found	SUCCESS
APL6	YGR261C	APL6	APL6	853177	APL6	GENENAME_found	SUCCESS
BET1	YIL004C	BET1	BET1	854813	BET1	GENENAME_found	SUCCESS
SRP102	YKL154W	SRP102	SRP102	853702	SRP102	GENENAME_found	SUCCESS
SIR3	YLR442C	SIR3	SIR3	851163	SIR3	GENENAME_found	SUCCESS
TIP20	YGL145W	TIP20	TIP20	852732	TIP20	GENENAME_found	SUCCESS
PSP1	YDR505C	PSP1	PSP1	852116	PSP1	GENENAME_found	SUCCESS
YNL181W	YNL181W	PBR1	PBR1	855540	PBR1	ORF_to_GENENAME	SUCCESS
CDC16	YKL022C	CDC16	CDC16	853846	CDC16	GENENAME_found	SUCCESS
ROM2	YLR371W	ROM2	ROM2	851086	ROM2	GENENAME_found	SUCCESS
YAT2	YER024W	YAT2	YAT2	856745	YAT2	GENENAME_found	SUCCESS
LTE1	YAL024C	LTE1	LTE1	851209	LTE1	GENENAME_found	SUCCESS
YFH1	YDL120W	YFH1	YFH1	851437	YFH1	GENENAME_found	SUCCESS
APM1	YPL259C	APM1	APM1	855869	APM1	GENENAME_found	SUCCESS
ESBP6	YNL125C	ESBP6	ESBP6	855598	ESBP6	GENENAME_found	SUCCESS
YBR241C	YBR241C	NA	NA	852543	YBR241C	ORF_unchanged	SUCCESS
RNH203	YLR154C	RNH203	RNH203	850847	RNH203	GENENAME_found	SUCCESS
MNN1	YER001W	MNN1	MNN1	856718	MNN1	GENENAME_found	SUCCESS
AIM36	YMR157C	AIM36	AIM36	855189	AIM36	GENENAME_found	SUCCESS
SOD1	YJR104C	SOD1	SOD1	853568	SOD1	GENENAME_found	SUCCESS
RIB3	YDR487C	RIB3	RIB3	852098	RIB3	GENENAME_found	SUCCESS
FCY2	YER056C	FCY2	FCY2	856783	FCY2	GENENAME_found	SUCCESS
SCJ1	YMR214W	SCJ1	SCJ1	855254	SCJ1	GENENAME_found	SUCCESS
ABZ2	YMR289W	ABZ2	ABZ2	855333	ABZ2	GENENAME_found	SUCCESS
ABD1	YBR236C	ABD1	ABD1	852538	ABD1	GENENAME_found	SUCCESS
PPM1	YDR435C	PPM1	PPM1	852045	PPM1	GENENAME_found	SUCCESS
TRI1	YMR233W	TRI1	TRI1	855273	TRI1	GENENAME_found	SUCCESS
GIS1	YDR096W	GIS1	GIS1	851670	GIS1	GENENAME_found	SUCCESS
ESF2	YNR054C	ESF2	ESF2	855790	ESF2	GENENAME_found	SUCCESS
NNR1	YNL200C	NNR1	NNR1	855521	NNR1	GENENAME_found	SUCCESS
GRX4	YER174C	GRX4	GRX4	856921	GRX4	GENENAME_found	SUCCESS
MST1	YKL194C	MST1	MST1	853640	MST1	GENENAME_found	SUCCESS
IRC22	YEL001C	IRC22	IRC22	856717	IRC22	GENENAME_found	SUCCESS
TRR2	YHR106W	TRR2	TRR2	856506	TRR2	GENENAME_found	SUCCESS
HAP2	YGL237C	HAP2	HAP2	852614	HAP2	GENENAME_found	SUCCESS
SOL2	YCR073W-A	SOL2	SOL2	850437	SOL2	GENENAME_found	SUCCESS
ATP19	YOL077W-A	ATP19	ATP19	854077	ATP19	GENENAME_found	SUCCESS
INM1	YHR046C	INM1	INM1	856442	INM1	GENENAME_found	SUCCESS
YHR202W	YHR202W	NA	NA	856609	YHR202W	ORF_unchanged	SUCCESS
HOT1	YMR172W	HOT1	HOT1	855208	HOT1	GENENAME_found	SUCCESS
TDA9	YML081W	TDA9	TDA9	854894	TDA9	GENENAME_found	SUCCESS
MET8	YBR213W	MET8	MET8	852514	MET8	GENENAME_found	SUCCESS
RAM1	YDL090C	RAM1	RAM1	851468	RAM1	GENENAME_found	SUCCESS
YOR352W	YOR352W	TFB6	TFB6	854534	TFB6	ORF_to_GENENAME	SUCCESS
OMA1	YKR087C	OMA1	OMA1	853962	OMA1	GENENAME_found	SUCCESS
HIS2	YFR025C	HIS2	HIS2	850581	HIS2	GENENAME_found	SUCCESS
XDJ1	YLR090W	XDJ1	XDJ1	850779	XDJ1	GENENAME_found	SUCCESS
MAM3	YOL060C	MAM3	MAM3	854094	MAM3	GENENAME_found	SUCCESS
REF2	YDR195W	REF2	REF2	851776	REF2	GENENAME_found	SUCCESS
CFT2	YLR115W	CFT2	CFT2	850806	CFT2	GENENAME_found	SUCCESS
EXG1	YLR300W	EXG1	EXG1	851007	EXG1	GENENAME_found	SUCCESS
AIM18	YHR198C	AIM18	AIM18	856605	AIM18	GENENAME_found	SUCCESS
TRM11	YOL124C	TRM11	TRM11	853996	TRM11	GENENAME_found	SUCCESS
DCW1	YKL046C	DCW1	DCW1	853820	DCW1	GENENAME_found	SUCCESS
YDR476C	YDR476C	NA	NA	852087	YDR476C	ORF_unchanged	SUCCESS
PRP4	YPR178W	PRP4	PRP4	856307	PRP4	GENENAME_found	SUCCESS
BSP1	YPR171W	BSP1	BSP1	856301	BSP1	GENENAME_found	SUCCESS
MEC1	YBR136W	MEC1	MEC1	852433	MEC1	GENENAME_found	SUCCESS
VTC5	YDR089W	VTC5	VTC5	851663	VTC5	GENENAME_found	SUCCESS
ULS1	YOR191W	ULS1	ULS1	854363	ULS1	GENENAME_found	SUCCESS
GPN3	YLR243W	GPN3	GPN3	850944	GPN3	GENENAME_found	SUCCESS
SPE4	YLR146C	SPE4	SPE4	850838	SPE4	GENENAME_found	SUCCESS
RMD8	YFR048W	RMD8	RMD8	850609	RMD8	GENENAME_found	SUCCESS
RPS22A	YJL190C	RPS22A	RPS22A	853249	RPS22A	GENENAME_found	SUCCESS
RPC17	YJL011C	RPC17	RPC17	853442	RPC17	GENENAME_found	SUCCESS
TGL3	YMR313C	TGL3	TGL3	855361	TGL3	GENENAME_found	SUCCESS
TRM112	YNR046W	TRM112	TRM112	855782	TRM112	GENENAME_found	SUCCESS
STR2	YJR130C	STR2	STR2	853594	STR2	GENENAME_found	SUCCESS
CAB1	YDR531W	CAB1	CAB1	852144	CAB1	GENENAME_found	SUCCESS
CYC3	YAL039C	CYC3	CYC3	851192	CYC3	GENENAME_found	SUCCESS
BIM1	YER016W	BIM1	BIM1	856736	BIM1	GENENAME_found	SUCCESS
PER33	YLR064W	PER33	PER33	850753	PER33	GENENAME_found	SUCCESS
BOL3	YAL046C	BOL3	BOL3	851251	BOL3	GENENAME_found	SUCCESS
ATH1	YPR026W	ATH1	ATH1	856137	ATH1	GENENAME_found	SUCCESS
PPA2	YMR267W	PPA2	PPA2	855309	PPA2	GENENAME_found	SUCCESS
JIP4	YDR475C	JIP4	JIP4	852086	JIP4	GENENAME_found	SUCCESS
YUR1	YJL139C	YUR1	YUR1	853302	YUR1	GENENAME_found	SUCCESS
ERV2	YPR037C	ERV2	ERV2	856152	ERV2	GENENAME_found	SUCCESS
SEG2	YKL105C	SEG2	SEG2	853756	SEG2	GENENAME_found	SUCCESS
YLR361C-A	YLR361C-A	NA	NA	1466422	YLR361C-A	ORF_unchanged	SUCCESS
FPK1	YNR047W	FPK1	FPK1	855783	FPK1	GENENAME_found	SUCCESS
MIA40	YKL195W	MIA40	MIA40	853639	MIA40	GENENAME_found	SUCCESS
FSH2	YMR222C	FSH2	FSH2	855262	FSH2	GENENAME_found	SUCCESS
RSC1	YGR056W	RSC1	RSC1	852947	RSC1	GENENAME_found	SUCCESS
RPS13	YDR064W	RPS13	RPS13	851636	RPS13	GENENAME_found	SUCCESS
MSN2	YMR037C	MSN2	MSN2	855053	MSN2	GENENAME_found	SUCCESS
ERJ5	YFR041C	ERJ5	ERJ5	850602	ERJ5	GENENAME_found	SUCCESS
TRX1	YLR043C	TRX1	TRX1	850732	TRX1	GENENAME_found	SUCCESS
ZRC1	YMR243C	ZRC1	ZRC1	855284	ZRC1	GENENAME_found	SUCCESS
THP3	YPR045C	THP3	THP3	856158	THP3	GENENAME_found	SUCCESS
LNP1	YHR192W	LNP1	LNP1	856599	LNP1	GENENAME_found	SUCCESS
ICS2	YBR157C	ICS2	ICS2	852454	ICS2	GENENAME_found	SUCCESS
YJL016W	YJL016W	TPH3	TPH3	853436	TPH3	ORF_to_GENENAME	SUCCESS
RBK1	YCR036W	RBK1	RBK1	850402	RBK1	GENENAME_found	SUCCESS
YLR149C	YLR149C	NA	NA	850841	YLR149C	ORF_unchanged	SUCCESS
RRF1	YHR038W	RRF1	RRF1	856433	RRF1	GENENAME_found	SUCCESS
LEM3	YNL323W	LEM3	LEM3	855393	LEM3	GENENAME_found	SUCCESS
MET17	YLR303W	MET17	MET17	851010	MET17	GENENAME_found	SUCCESS
PLP2	YOR281C	PLP2	PLP2	854456	PLP2	GENENAME_found	SUCCESS
JNM1	YMR294W	JNM1	JNM1	855339	JNM1	GENENAME_found	SUCCESS
MRPL6	YHR147C	MRPL6	MRPL6	856552	MRPL6	GENENAME_found	SUCCESS
AIM7	YDR063W	AIM7	AIM7	851635	AIM7	GENENAME_found	SUCCESS
RPS30A;RPS30B	NA	NA	NA	NA	RPS30A;RPS30B	COMPOSITE_SUCCESS	SUCCESS
COQ9	YLR201C	COQ9	COQ9	850898	COQ9	GENENAME_found	SUCCESS
ADD66	YKL206C	ADD66	ADD66	853629	ADD66	GENENAME_found	SUCCESS
IRC21	YMR073C	IRC21	IRC21	855095	IRC21	GENENAME_found	SUCCESS
LDO45	NA	NA	NA	NA	LDO45	MANUAL_LOOKUP	SUCCESS
GRX8	YLR364W	GRX8	GRX8	851079	GRX8	GENENAME_found	SUCCESS
ARC18	YLR370C	ARC18	ARC18	851085	ARC18	GENENAME_found	SUCCESS
FCP1	YMR277W	FCP1	FCP1	855320	FCP1	GENENAME_found	SUCCESS
MID2	YLR332W	MID2	MID2	851042	MID2	GENENAME_found	SUCCESS
MLF3	YNL074C	MLF3	MLF3	855650	MLF3	GENENAME_found	SUCCESS
APS3	YJL024C	APS3	APS3	853429	APS3	GENENAME_found	SUCCESS
FRE1	YLR214W	FRE1	FRE1	850911	FRE1	GENENAME_found	SUCCESS
RPL43A;RPL43B	NA	NA	NA	NA	RPL43A;RPL43B	COMPOSITE_SUCCESS	SUCCESS
PPH21	YDL134C	PPH21	PPH21	851421	PPH21	GENENAME_found	SUCCESS
RIM1	YCR028C-A	RIM1	RIM1	850395	RIM1	GENENAME_found	SUCCESS
HXT7	YDR342C	HXT7	HXT7	851943	HXT7	GENENAME_found	SUCCESS
HXT6	YDR343C	HXT6	HXT6	851944	HXT6	GENENAME_found	SUCCESS
SIZ1	YDR409W	SIZ1	SIZ1	852018	SIZ1	GENENAME_found	SUCCESS
NGG1	YDR176W	NGG1	NGG1	851756	NGG1	GENENAME_found	SUCCESS
CRH1	YGR189C	CRH1	CRH1	853102	CRH1	GENENAME_found	SUCCESS
MEF2	YJL102W	MEF2	MEF2	853342	MEF2	GENENAME_found	SUCCESS
EDC3	YEL015W	EDC3	EDC3	856700	EDC3	GENENAME_found	SUCCESS
SIR4	YDR227W	SIR4	SIR4	851813	SIR4	GENENAME_found	SUCCESS
LSM1	YJL124C	LSM1	LSM1	853318	LSM1	GENENAME_found	SUCCESS
YAP1802	YGR241C	YAP1802	YAP1802	853157	YAP1802	GENENAME_found	SUCCESS
EAF6	YJR082C	EAF6	EAF6	853544	EAF6	GENENAME_found	SUCCESS
YLR126C	YLR126C	NA	NA	850817	YLR126C	ORF_unchanged	SUCCESS
RPL9B	YNL067W	RPL9B	RPL9B	855658	RPL9B	GENENAME_found	SUCCESS
ILV6	YCL009C	ILV6	ILV6	850348	ILV6	GENENAME_found	SUCCESS
COQ11	YLR290C	COQ11	COQ11	850997	COQ11	GENENAME_found	SUCCESS
VMA22	YHR060W	VMA22	VMA22	856457	VMA22	GENENAME_found	SUCCESS
FAD1	YDL045C	FAD1	FAD1	851516	FAD1	GENENAME_found	SUCCESS
UBC6	YER100W	UBC6	UBC6	856837	UBC6	GENENAME_found	SUCCESS
INP54	YOL065C	INP54	INP54	854089	INP54	GENENAME_found	SUCCESS
BOL1	YAL044W-A	BOL1	BOL1	851252	BOL1	GENENAME_found	SUCCESS
YNL011C	YNL011C	NA	NA	855721	YNL011C	ORF_unchanged	SUCCESS
IMP2'	YIL154C	IMP2'	IMP2'	854652	IMP2'	GENENAME_found	SUCCESS
OAC1	YKL120W	OAC1	OAC1	853739	OAC1	GENENAME_found	SUCCESS
SUR7	YML052W	SUR7	SUR7	854953	SUR7	GENENAME_found	SUCCESS
SHO1	YER118C	SHO1	SHO1	856854	SHO1	GENENAME_found	SUCCESS
NUP57	YGR119C	NUP57	NUP57	853016	NUP57	GENENAME_found	SUCCESS
ITR1	YDR497C	ITR1	ITR1	852108	ITR1	GENENAME_found	SUCCESS
TFA2	YKR062W	TFA2	TFA2	853936	TFA2	GENENAME_found	SUCCESS
YBR255C-A	YBR255C-A	RCF3	RCF3	852558	RCF3	ORF_to_GENENAME	SUCCESS
YPD1	YDL235C	YPD1	YPD1	851363	YPD1	GENENAME_found	SUCCESS
MRPL9	YGR220C	MRPL9	MRPL9	853135	MRPL9	GENENAME_found	SUCCESS
MNP1	YGL068W	MNP1	MNP1	852811	MNP1	GENENAME_found	SUCCESS
PRM4	YPL156C	PRM4	PRM4	855947	PRM4	GENENAME_found	SUCCESS
TIF6	YPR016C	TIF6	TIF6	856126	TIF6	GENENAME_found	SUCCESS
RAD27	YKL113C	RAD27	RAD27	853747	RAD27	GENENAME_found	SUCCESS
KTI12	YKL110C	KTI12	KTI12	853750	KTI12	GENENAME_found	SUCCESS
PDE1	YGL248W	PDE1	PDE1	852644	PDE1	GENENAME_found	SUCCESS
TIM13	YGR181W	TIM13	TIM13	853093	TIM13	GENENAME_found	SUCCESS
HXT4	YHR092C	HXT4	HXT4	856492	HXT4	GENENAME_found	SUCCESS
YPL245W	YPL245W	NA	NA	855831	YPL245W	ORF_unchanged	SUCCESS
YLR118C	YLR118C	NA	NA	850809	YLR118C	ORF_unchanged	SUCCESS
MTG2	YHR168W	MTG2	MTG2	856573	MTG2	GENENAME_found	SUCCESS
INM2	YDR287W	INM2	INM2	851881	INM2	GENENAME_found	SUCCESS
STF2	YGR008C	STF2	STF2	852891	STF2	GENENAME_found	SUCCESS
RIP1	YEL024W	RIP1	RIP1	856689	RIP1	GENENAME_found	SUCCESS
PAN6	YIL145C	PAN6	PAN6	854661	PAN6	GENENAME_found	SUCCESS
MSL1	YIR009W	MSL1	MSL1	854826	MSL1	GENENAME_found	SUCCESS
LSM4	YER112W	LSM4	LSM4	856848	LSM4	GENENAME_found	SUCCESS
SLG1	YOR008C	SLG1	SLG1	854170	SLG1	GENENAME_found	SUCCESS
LSM8	YJR022W	LSM8	LSM8	853479	LSM8	GENENAME_found	SUCCESS
FPR2	YDR519W	FPR2	FPR2	852131	FPR2	GENENAME_found	SUCCESS
GRX6	YDL010W	GRX6	GRX6	851551	GRX6	GENENAME_found	SUCCESS
YCR090C	YCR090C	NA	NA	850452	YCR090C	ORF_unchanged	SUCCESS
EGO2	YCR075W-A	EGO2	EGO2	1466399	EGO2	GENENAME_found	SUCCESS
STP22	YCL008C	STP22	STP22	850349	STP22	GENENAME_found	SUCCESS
RSM18	YER050C	RSM18	RSM18	856776	RSM18	GENENAME_found	SUCCESS
EFM4	YIL064W	EFM4	EFM4	854746	EFM4	GENENAME_found	SUCCESS
LSM2	YBL026W	LSM2	LSM2	852255	LSM2	GENENAME_found	SUCCESS
IMG1	YCR046C	IMG1	IMG1	850413	IMG1	GENENAME_found	SUCCESS
WWM1	YFL010C	WWM1	WWM1	850538	WWM1	GENENAME_found	SUCCESS
SKI8	YGL213C	SKI8	SKI8	852659	SKI8	GENENAME_found	SUCCESS
PIG2	YIL045W	PIG2	PIG2	854766	PIG2	GENENAME_found	SUCCESS
TDH2	YJR009C	TDH2	TDH2	853465	TDH2	GENENAME_found	SUCCESS
RHO3	YIL118W	RHO3	RHO3	854688	RHO3	GENENAME_found	SUCCESS
PHD1	YKL043W	PHD1	PHD1	853823	PHD1	GENENAME_found	SUCCESS
YBR242W	YBR242W	NA	NA	852544	YBR242W	ORF_unchanged	SUCCESS
BAR1	YIL015W	BAR1	BAR1	854797	BAR1	GENENAME_found	SUCCESS
SHY1	YGR112W	SHY1	SHY1	853009	SHY1	GENENAME_found	SUCCESS
MKC7	YDR144C	MKC7	MKC7	851722	MKC7	GENENAME_found	SUCCESS
VPS17	YOR132W	VPS17	VPS17	854300	VPS17	GENENAME_found	SUCCESS
YPT10	YBR264C	YPT10	YPT10	852567	YPT10	GENENAME_found	SUCCESS
YPR147C	YPR147C	NA	NA	856270	YPR147C	ORF_unchanged	SUCCESS
ATG13	YPR185W	ATG13	ATG13	856315	ATG13	GENENAME_found	SUCCESS
ERG4	YGL012W	ERG4	ERG4	852872	ERG4	GENENAME_found	SUCCESS
TY1A-DR3	NA	NA	NA	NA	TY1A-DR3	TRANSPOSON	SUCCESS
TY1A-DR2	NA	NA	NA	NA	TY1A-DR2	TRANSPOSON	SUCCESS
SHE1	YBL031W	SHE1	SHE1	852249	SHE1	GENENAME_found	SUCCESS
TAF7	YMR227C	TAF7	TAF7	855267	TAF7	GENENAME_found	SUCCESS
RPL21B	YPL079W	RPL21B	RPL21B	856026	RPL21B	GENENAME_found	SUCCESS
NAR1	YNL240C	NAR1	NAR1	855481	NAR1	GENENAME_found	SUCCESS
YSP2	YDR326C	YSP2	YSP2	851926	YSP2	GENENAME_found	SUCCESS
SKN1	YGR143W	SKN1	SKN1	853045	SKN1	GENENAME_found	SUCCESS
SDS22	YKL193C	SDS22	SDS22	853641	SDS22	GENENAME_found	SUCCESS
YFR018C	YFR018C	NA	NA	850573	YFR018C	ORF_unchanged	SUCCESS
PBA1	YLR199C	PBA1	PBA1	850896	PBA1	GENENAME_found	SUCCESS
REH1	YLR387C	REH1	REH1	851103	REH1	GENENAME_found	SUCCESS
RPL27A	YHR010W	RPL27A	RPL27A	856401	RPL27A	GENENAME_found	SUCCESS
ECM15	YBL001C	ECM15	ECM15	852285	ECM15	GENENAME_found	SUCCESS
POM34	YLR018C	POM34	POM34	850705	POM34	GENENAME_found	SUCCESS
YLR326W	YLR326W	NA	NA	851036	YLR326W	ORF_unchanged	SUCCESS
NUC1	YJL208C	NUC1	NUC1	853222	NUC1	GENENAME_found	SUCCESS
OTU2	YHL013C	OTU2	OTU2	856373	OTU2	GENENAME_found	SUCCESS
TES1	YJR019C	TES1	TES1	853477	TES1	GENENAME_found	SUCCESS
SRB7	YDR308C	SRB7	SRB7	851903	SRB7	GENENAME_found	SUCCESS
CPR2	YHR057C	CPR2	CPR2	856454	CPR2	GENENAME_found	SUCCESS
MHR1	YDR296W	MHR1	MHR1	851890	MHR1	GENENAME_found	SUCCESS
CTR1	YPR124W	CTR1	CTR1	856241	CTR1	GENENAME_found	SUCCESS
MHF2	YDL160C-A	MHF2	MHF2	1466431	MHF2	GENENAME_found	SUCCESS
YNL040W	YNL040W	NA	NA	855688	YNL040W	ORF_unchanged	SUCCESS
PEF1	YGR058W	PEF1	PEF1	852949	PEF1	GENENAME_found	SUCCESS
FMP42	YMR221C	FMP42	FMP42	855261	FMP42	GENENAME_found	SUCCESS
YPQ1	YOL092W	YPQ1	YPQ1	854061	YPQ1	GENENAME_found	SUCCESS
PDR11	YIL013C	PDR11	PDR11	854802	PDR11	GENENAME_found	SUCCESS
APT2	YDR441C	APT2	APT2	852051	APT2	GENENAME_found	SUCCESS
ARC15	YIL062C	ARC15	ARC15	854748	ARC15	GENENAME_found	SUCCESS
LAG1	YHL003C	LAG1	LAG1	856386	LAG1	GENENAME_found	SUCCESS
TAD3	YLR316C	TAD3	TAD3	851027	TAD3	GENENAME_found	SUCCESS
CMC2	YBL059C-A	CMC2	CMC2	852220	CMC2	GENENAME_found	SUCCESS
FAP7	YDL166C	FAP7	FAP7	851388	FAP7	GENENAME_found	SUCCESS
SDC1	YDR469W	SDC1	SDC1	852080	SDC1	GENENAME_found	SUCCESS
RPL33B	YOR234C	RPL33B	RPL33B	854409	RPL33B	GENENAME_found	SUCCESS
MRP49	YKL167C	MRP49	MRP49	853687	MRP49	GENENAME_found	SUCCESS
HCH1	YNL281W	HCH1	HCH1	855440	HCH1	GENENAME_found	SUCCESS
RPF2	YKR081C	RPF2	RPF2	853956	RPF2	GENENAME_found	SUCCESS
RIB2	YOL066C	RIB2	RIB2	854088	RIB2	GENENAME_found	SUCCESS
NOC4	YPR144C	NOC4	NOC4	856267	NOC4	GENENAME_found	SUCCESS
VPS60	YDR486C	VPS60	VPS60	852097	VPS60	GENENAME_found	SUCCESS
YPT6	YLR262C	YPT6	YPT6	850966	YPT6	GENENAME_found	SUCCESS
YHM2	YMR241W	YHM2	YHM2	855282	YHM2	GENENAME_found	SUCCESS
HIF1	YLL022C	HIF1	HIF1	850638	HIF1	GENENAME_found	SUCCESS
IRC5	YFR038W	IRC5	IRC5	850599	IRC5	GENENAME_found	SUCCESS
MAL12;MAL32	NA	NA	NA	NA	MAL12;MAL32	COMPOSITE_SUCCESS	SUCCESS
POF1	YCL047C	POF1	POF1	850310	POF1	GENENAME_found	SUCCESS
TRX3	YCR083W	TRX3	TRX3	850444	TRX3	GENENAME_found	SUCCESS
MIP1	YOR330C	MIP1	MIP1	854508	MIP1	GENENAME_found	SUCCESS
PSD2	YGR170W	PSD2	PSD2	853080	PSD2	GENENAME_found	SUCCESS
SPC3	YLR066W	SPC3	SPC3	850755	SPC3	GENENAME_found	SUCCESS
RPN10	YHR200W	RPN10	RPN10	856607	RPN10	GENENAME_found	SUCCESS
RPA43	YOR340C	RPA43	RPA43	854518	RPA43	GENENAME_found	SUCCESS
SMX2	YFL017W-A	SMX2	SMX2	850528	SMX2	GENENAME_found	SUCCESS
MIC27	YNL100W	MIC27	MIC27	855623	MIC27	GENENAME_found	SUCCESS
BET4	YJL031C	BET4	BET4	853421	BET4	GENENAME_found	SUCCESS
ARF1	YDL192W	ARF1	ARF1	851335	ARF1	GENENAME_found	SUCCESS
TPK1	YJL164C	TPK1	TPK1	853275	TPK1	GENENAME_found	SUCCESS
CEM1	YER061C	CEM1	CEM1	856790	CEM1	GENENAME_found	SUCCESS
MAK31	YCR020C-A	MAK31	MAK31	850383	MAK31	GENENAME_found	SUCCESS
AUR1	YKL004W	AUR1	AUR1	853866	AUR1	GENENAME_found	SUCCESS
TPO2	YGR138C	TPO2	TPO2	853039	TPO2	GENENAME_found	SUCCESS
BUR6	YER159C	BUR6	BUR6	856904	BUR6	GENENAME_found	SUCCESS
VPS71	YML041C	VPS71	VPS71	854966	VPS71	GENENAME_found	SUCCESS
PCC1	YKR095W-A	PCC1	PCC1	1500489	PCC1	GENENAME_found	SUCCESS
YER010C	YER010C	NA	NA	856728	YER010C	ORF_unchanged	SUCCESS
MIG1	YGL035C	MIG1	MIG1	852848	MIG1	GENENAME_found	SUCCESS
ACF4	YJR083C	ACF4	ACF4	853545	ACF4	GENENAME_found	SUCCESS
LOT6	YLR011W	LOT6	LOT6	850698	LOT6	GENENAME_found	SUCCESS
YPL247C	YPL247C	NA	NA	855829	YPL247C	ORF_unchanged	SUCCESS
ORM1	YGR038W	ORM1	ORM1	852926	ORM1	GENENAME_found	SUCCESS
GFD1	YMR255W	GFD1	GFD1	855297	GFD1	GENENAME_found	SUCCESS
IBD2	YNL164C	IBD2	IBD2	855557	IBD2	GENENAME_found	SUCCESS
ORM2	YLR350W	ORM2	ORM2	851064	ORM2	GENENAME_found	SUCCESS
PRS2	YER099C	PRS2	PRS2	856836	PRS2	GENENAME_found	SUCCESS
LCB3	YJL134W	LCB3	LCB3	853307	LCB3	GENENAME_found	SUCCESS
MND2	YIR025W	MND2	MND2	854843	MND2	GENENAME_found	SUCCESS
RXT3	YDL076C	RXT3	RXT3	851483	RXT3	GENENAME_found	SUCCESS
DUT1	YBR252W	DUT1	DUT1	852554	DUT1	GENENAME_found	SUCCESS
NUT2	YPR168W	NUT2	NUT2	856297	NUT2	GENENAME_found	SUCCESS
ERP3	YDL018C	ERP3	ERP3	851544	ERP3	GENENAME_found	SUCCESS
YKE2	YLR200W	YKE2	YKE2	850897	YKE2	GENENAME_found	SUCCESS
KKQ8	YKL168C	KKQ8	KKQ8	853686	KKQ8	GENENAME_found	SUCCESS
HRD1	YOL013C	HRD1	HRD1	854149	HRD1	GENENAME_found	SUCCESS
HPT1	YDR399W	HPT1	HPT1	852008	HPT1	GENENAME_found	SUCCESS
ERV41	YML067C	ERV41	ERV41	854935	ERV41	GENENAME_found	SUCCESS
MIC19	YFR011C	MIC19	MIC19	850563	MIC19	GENENAME_found	SUCCESS
STE2	YFL026W	STE2	STE2	850518	STE2	GENENAME_found	SUCCESS
GPM3	YOL056W	GPM3	GPM3	854098	GPM3	GENENAME_found	SUCCESS
CDC8	YJR057W	CDC8	CDC8	853520	CDC8	GENENAME_found	SUCCESS
YOL107W	YOL107W	NA	NA	854043	YOL107W	ORF_unchanged	SUCCESS
TMA7	YLR262C-A	TMA7	TMA7	850967	TMA7	GENENAME_found	SUCCESS
RNT1	YMR239C	RNT1	RNT1	855280	RNT1	GENENAME_found	SUCCESS
SPC42	YKL042W	SPC42	SPC42	853824	SPC42	GENENAME_found	SUCCESS
DFR1	YOR236W	DFR1	DFR1	854411	DFR1	GENENAME_found	SUCCESS
JAC1	YGL018C	JAC1	JAC1	852866	JAC1	GENENAME_found	SUCCESS
ECM33	YBR078W	ECM33	ECM33	852370	ECM33	GENENAME_found	SUCCESS
IES2	YNL215W	IES2	IES2	855506	IES2	GENENAME_found	SUCCESS
MTC4	YBR255W	MTC4	MTC4	852557	MTC4	GENENAME_found	SUCCESS
ZRT3	YKL175W	ZRT3	ZRT3	853679	ZRT3	GENENAME_found	SUCCESS
ALB1	YJL122W	ALB1	ALB1	853320	ALB1	GENENAME_found	SUCCESS
RPL22A	YLR061W	RPL22A	RPL22A	850750	RPL22A	GENENAME_found	SUCCESS
RPL39	YJL189W	RPL39	RPL39	853250	RPL39	GENENAME_found	SUCCESS
MST28	YAR033W	MST28	MST28	851284	MST28	GENENAME_found	SUCCESS
NOP10	YHR072W-A	NOP10	NOP10	856471	NOP10	GENENAME_found	SUCCESS
YDL085C-A	YDL085C-A	NA	NA	851473	YDL085C-A	ORF_unchanged	SUCCESS
SCW11	YGL028C	SCW11	SCW11	852856	SCW11	GENENAME_found	SUCCESS
RPL30	YGL030W	RPL30	RPL30	852853	RPL30	GENENAME_found	SUCCESS
IMP3	YHR148W	IMP3	IMP3	856553	IMP3	GENENAME_found	SUCCESS
ERV1	YGR029W	ERV1	ERV1	852916	ERV1	GENENAME_found	SUCCESS
YCR087C-A	YCR087C-A	NA	NA	850449	YCR087C-A	ORF_unchanged	SUCCESS
MRPL33	YMR286W	MRPL33	MRPL33	855330	MRPL33	GENENAME_found	SUCCESS
PST1	YDR055W	PST1	PST1	851625	PST1	GENENAME_found	SUCCESS
SEC22	YLR268W	SEC22	SEC22	850973	SEC22	GENENAME_found	SUCCESS
PRE4	YFR050C	PRE4	PRE4	850611	PRE4	GENENAME_found	SUCCESS
ERP2	YAL007C	ERP2	ERP2	851226	ERP2	GENENAME_found	SUCCESS
MCD4	YKL165C	MCD4	MCD4	853690	MCD4	GENENAME_found	SUCCESS
MRE11	YMR224C	MRE11	MRE11	855264	MRE11	GENENAME_found	SUCCESS
HXT5	YHR096C	HXT5	HXT5	856496	HXT5	GENENAME_found	SUCCESS
VPS52	YDR484W	VPS52	VPS52	852095	VPS52	GENENAME_found	SUCCESS
NRM1	YNR009W	NRM1	NRM1	855743	NRM1	GENENAME_found	SUCCESS
SYN8	YAL014C	SYN8	SYN8	851219	SYN8	GENENAME_found	SUCCESS
ADD37	YMR184W	ADD37	ADD37	855222	ADD37	GENENAME_found	SUCCESS
PHO4	YFR034C	PHO4	PHO4	850594	PHO4	GENENAME_found	SUCCESS
GAB1	YLR459W	GAB1	GAB1	851181	GAB1	GENENAME_found	SUCCESS
TOH1	YJL171C	TOH1	TOH1	853268	TOH1	GENENAME_found	SUCCESS
DAL81	YIR023W	DAL81	DAL81	854841	DAL81	GENENAME_found	SUCCESS
POA1	YBR022W	POA1	POA1	852310	POA1	GENENAME_found	SUCCESS
ATG44	NA	NA	NA	NA	ATG44	MANUAL_LOOKUP	SUCCESS
TKL2	YBR117C	TKL2	TKL2	852414	TKL2	GENENAME_found	SUCCESS
AXL2	YIL140W	AXL2	AXL2	854666	AXL2	GENENAME_found	SUCCESS
MRPL28	YDR462W	MRPL28	MRPL28	852073	MRPL28	GENENAME_found	SUCCESS
GIS4	YML006C	GIS4	GIS4	855006	GIS4	GENENAME_found	SUCCESS
GCV3	YAL044C	GCV3	GCV3	851254	GCV3	GENENAME_found	SUCCESS
HSP10	YOR020C	HSP10	HSP10	854185	HSP10	GENENAME_found	SUCCESS
RPL31B	YLR406C	RPL31B	RPL31B	851122	RPL31B	GENENAME_found	SUCCESS
ACS1	YAL054C	ACS1	ACS1	851245	ACS1	GENENAME_found	SUCCESS
DYN2	YDR424C	DYN2	DYN2	852034	DYN2	GENENAME_found	SUCCESS
THI3	YDL080C	THI3	THI3	851479	THI3	GENENAME_found	SUCCESS
GUD1	YDL238C	GUD1	GUD1	851360	GUD1	GENENAME_found	SUCCESS
STE50	YCL032W	STE50	STE50	850325	STE50	GENENAME_found	SUCCESS
MDM10	YAL010C	MDM10	MDM10	851223	MDM10	GENENAME_found	SUCCESS
YBR287W	YBR287W	NA	NA	852590	YBR287W	ORF_unchanged	SUCCESS
ADK2	YER170W	ADK2	ADK2	856917	ADK2	GENENAME_found	SUCCESS
AAC1	YMR056C	AAC1	AAC1	855078	AAC1	GENENAME_found	SUCCESS
OXA1	YER154W	OXA1	OXA1	856898	OXA1	GENENAME_found	SUCCESS
FRQ1	YDR373W	FRQ1	FRQ1	851979	FRQ1	GENENAME_found	SUCCESS
YGL041W-A	YGL041W-A	NA	NA	5814844	YGL041W-A	ORF_unchanged	SUCCESS
CYT2	YKL087C	CYT2	CYT2	853775	CYT2	GENENAME_found	SUCCESS
RGI1	YER067W	RGI1	RGI1	856797	RGI1	GENENAME_found	SUCCESS
SPT4	YGR063C	SPT4	SPT4	852955	SPT4	GENENAME_found	SUCCESS
YPS3	YLR121C	YPS3	YPS3	850812	YPS3	GENENAME_found	SUCCESS
GPC1	YGR149W	GPC1	GPC1	853052	GPC1	GENENAME_found	SUCCESS
MHF1	YOL086W-A	MHF1	MHF1	854067	MHF1	GENENAME_found	SUCCESS
CDC42	YLR229C	CDC42	CDC42	850930	CDC42	GENENAME_found	SUCCESS
YPR010C-A	YPR010C-A	NA	NA	5142379	YPR010C-A	ORF_unchanged	SUCCESS
MET3	YJR010W	MET3	MET3	853466	MET3	GENENAME_found	SUCCESS
RNH201	YNL072W	RNH201	RNH201	855652	RNH201	GENENAME_found	SUCCESS
APS2	YJR058C	APS2	APS2	853521	APS2	GENENAME_found	SUCCESS
MRF1	YGL143C	MRF1	MRF1	852734	MRF1	GENENAME_found	SUCCESS
TPP1	YMR156C	TPP1	TPP1	855188	TPP1	GENENAME_found	SUCCESS
RPS0B	YLR048W	RPS0B	RPS0B	850737	RPS0B	GENENAME_found	SUCCESS
ECM22	YLR228C	ECM22	ECM22	850928	ECM22	GENENAME_found	SUCCESS
UBC13	YDR092W	UBC13	UBC13	851666	UBC13	GENENAME_found	SUCCESS
ISD11	YER048W-A	ISD11	ISD11	856774	ISD11	GENENAME_found	SUCCESS
FZF1	YGL254W	FZF1	FZF1	852638	FZF1	GENENAME_found	SUCCESS
ERG28	YER044C	ERG28	ERG28	856767	ERG28	GENENAME_found	SUCCESS
HUB1	YNR032C-A	HUB1	HUB1	855767	HUB1	GENENAME_found	SUCCESS
RPB10	YOR210W	RPB10	RPB10	854385	RPB10	GENENAME_found	SUCCESS
RPL24B	YGR148C	RPL24B	RPL24B	853051	RPL24B	GENENAME_found	SUCCESS
ARF2	YDL137W	ARF2	ARF2	851418	ARF2	GENENAME_found	SUCCESS
COA3	YJL062W-A	COA3	COA3	853383	COA3	GENENAME_found	SUCCESS
OST5	YGL226C-A	OST5	OST5	852625	OST5	GENENAME_found	SUCCESS
HOR7	YMR251W-A	HOR7	HOR7	855293	HOR7	GENENAME_found	SUCCESS
YSF3	YNL138W-A	YSF3	YSF3	1466511	YSF3	GENENAME_found	SUCCESS
SPC2	YML055W	SPC2	SPC2	854949	SPC2	GENENAME_found	SUCCESS
RPL13A	YDL082W	RPL13A	RPL13A	851477	RPL13A	GENENAME_found	SUCCESS
KXD1	YGL079W	KXD1	KXD1	852801	KXD1	GENENAME_found	SUCCESS
MIX14	YDR031W	MIX14	MIX14	851595	MIX14	GENENAME_found	SUCCESS
SNA4	YDL123W	SNA4	SNA4	851434	SNA4	GENENAME_found	SUCCESS
SRB6	YBR253W	SRB6	SRB6	852555	SRB6	GENENAME_found	SUCCESS
RPL4B	YDR012W	RPL4B	RPL4B	851575	RPL4B	GENENAME_found	SUCCESS
MSR1	YHR091C	MSR1	MSR1	856491	MSR1	GENENAME_found	SUCCESS
MGR2	YPL098C	MGR2	MGR2	856006	MGR2	GENENAME_found	SUCCESS
SBH2	YER019C-A	SBH2	SBH2	856740	SBH2	GENENAME_found	SUCCESS
ACP1	YKL192C	ACP1	ACP1	853642	ACP1	GENENAME_found	SUCCESS
ATX1	YNL259C	ATX1	ATX1	855462	ATX1	GENENAME_found	SUCCESS
HSP150	YJL159W	HSP150	HSP150	853281	HSP150	GENENAME_found	SUCCESS
ATP18	YML081C-A	ATP18	ATP18	854893	ATP18	GENENAME_found	SUCCESS
HST4	YDR191W	HST4	HST4	851772	HST4	GENENAME_found	SUCCESS
SSB2	YNL209W	SSB2	SSB2	855512	SSB2	GENENAME_found	SUCCESS
VMA9	YCL005W-A	VMA9	VMA9	2732686	VMA9	GENENAME_found	SUCCESS
NCE102	YPR149W	NCE102	NCE102	856272	NCE102	GENENAME_found	SUCCESS
MIX17	YMR002W	MIX17	MIX17	855014	MIX17	GENENAME_found	SUCCESS
YKL069W	YKL069W	NA	NA	853794	YKL069W	ORF_unchanged	SUCCESS
YOR020W-A	YOR020W-A	NA	NA	1466480	YOR020W-A	ORF_unchanged	SUCCESS
MTR3	YGR158C	MTR3	MTR3	853062	MTR3	GENENAME_found	SUCCESS
SDH4	YDR178W	SDH4	SDH4	851758	SDH4	GENENAME_found	SUCCESS
TY2B-DR3	NA	NA	NA	NA	TY2B-DR3	TRANSPOSON	SUCCESS
ADF1	YCL058W-A	ADF1	ADF1	3289591	ADF1	GENENAME_found	SUCCESS
TSC3	YBR058C-A	TSC3	TSC3	852350	TSC3	GENENAME_found	SUCCESS
TY1A-PR3	NA	NA	NA	NA	TY1A-PR3	TRANSPOSON	SUCCESS
SGF11	YPL047W	SGF11	SGF11	856060	SGF11	GENENAME_found	SUCCESS
CIN4	YMR138W	CIN4	CIN4	855169	CIN4	GENENAME_found	SUCCESS
RPL22B	YFL034C-A	RPL22B	RPL22B	850509	RPL22B	GENENAME_found	SUCCESS
NCA3	YJL116C	NCA3	NCA3	853326	NCA3	GENENAME_found	SUCCESS
YNL194C	YNL194C	NA	NA	855527	YNL194C	ORF_unchanged	SUCCESS
RPL29	YFR032C-A	RPL29	RPL29	850592	RPL29	GENENAME_found	SUCCESS
YAH1	YPL252C	YAH1	YAH1	855824	YAH1	GENENAME_found	SUCCESS
URM1	YIL008W	URM1	URM1	854809	URM1	GENENAME_found	SUCCESS
YLR363W-A	YLR363W-A	NA	NA	851078	YLR363W-A	ORF_unchanged	SUCCESS
ERV14	YGL054C	ERV14	ERV14	852826	ERV14	GENENAME_found	SUCCESS
PAI3	YMR174C	PAI3	PAI3	855212	PAI3	GENENAME_found	SUCCESS
OST2	YOR103C	OST2	OST2	854270	OST2	GENENAME_found	SUCCESS
RPA12	YJR063W	RPA12	RPA12	853526	RPA12	GENENAME_found	SUCCESS
RRT14	YIL127C	RRT14	RRT14	854679	RRT14	GENENAME_found	SUCCESS
CCA1	YER168C	CCA1	CCA1	856915	CCA1	GENENAME_found	SUCCESS
